Cor_Raca,Escolaridade,Renda_Media,Ano,Trimestre
1,2.0,609.0,2019,1
1,3.0,598.25,2019,1
1,4.0,285.0,2019,1
1,5.0,784.1538461538462,2019,1
1,6.0,1049.6,2019,1
1,7.0,896.4508771929825,2019,1
1,8.0,590.0,2019,1
1,9.0,1663.111111111111,2019,1
1,10.0,1424.4556818181818,2019,1
1,11.0,1014.1052631578948,2019,1
1,12.0,3311.7191283292977,2019,1
1,13.0,4955.735294117647,2019,1
1,14.0,9030.76923076923,2019,1
1,15.0,7800.0,2019,1
2,3.0,398.3333333333333,2019,1
2,4.0,200.0,2019,1
2,5.0,627.75,2019,1
2,6.0,1299.0,2019,1
2,7.0,935.5479452054794,2019,1
2,8.0,837.0,2019,1
2,9.0,1250.0,2019,1
2,10.0,1124.0325203252032,2019,1
2,11.0,856.6,2019,1
2,12.0,2743.095890410959,2019,1
2,13.0,2097.3571428571427,2019,1
2,14.0,5300.0,2019,1
2,15.0,10683.333333333334,2019,1
3,3.0,150.0,2019,1
3,5.0,,2019,1
3,7.0,935.875,2019,1
3,9.0,,2019,1
3,10.0,824.0,2019,1
3,11.0,,2019,1
3,12.0,3085.428571428572,2019,1
3,13.0,5250.0,2019,1
3,14.0,15000.0,2019,1
4,2.0,1470.0,2019,1
4,3.0,452.7826086956522,2019,1
4,4.0,510.0,2019,1
4,5.0,850.6107382550335,2019,1
4,6.0,1074.8,2019,1
4,7.0,863.9960132890366,2019,1
4,8.0,587.0714285714286,2019,1
4,9.0,1418.0,2019,1
4,10.0,1222.9727437916415,2019,1
4,11.0,922.59375,2019,1
4,12.0,2913.5884955752213,2019,1
4,13.0,3488.732876712329,2019,1
4,14.0,4130.277777777777,2019,1
4,15.0,9500.0,2019,1
5,3.0,,2019,1
5,5.0,600.0,2019,1
5,7.0,775.6,2019,1
5,10.0,2200.0,2019,1
5,11.0,1200.0,2019,1
5,12.0,2200.0,2019,1
5,13.0,2580.0,2019,1
5,14.0,1800.0,2019,1
9,7.0,,2019,1
1,2.0,85.0,2019,2
1,3.0,435.7647058823529,2019,2
1,4.0,70.0,2019,2
1,5.0,780.4406779661017,2019,2
1,6.0,719.6,2019,2
1,7.0,895.3127147766323,2019,2
1,8.0,751.1111111111111,2019,2
1,9.0,2427.2727272727275,2019,2
1,10.0,1518.88092345079,2019,2
1,11.0,1013.1875,2019,2
1,12.0,3267.6777251184835,2019,2
1,13.0,5300.759493670887,2019,2
1,14.0,7524.166666666667,2019,2
1,15.0,9332.166666666666,2019,2
2,2.0,,2019,2
2,3.0,502.57142857142856,2019,2
2,4.0,999.0,2019,2
2,5.0,729.1,2019,2
2,6.0,1500.0,2019,2
2,7.0,1105.5771812080536,2019,2
2,8.0,1500.0,2019,2
2,9.0,,2019,2
2,10.0,1364.030303030303,2019,2
2,11.0,857.6666666666666,2019,2
2,12.0,2251.6,2019,2
2,13.0,3044.260869565217,2019,2
2,14.0,6133.333333333333,2019,2
2,15.0,11500.0,2019,2
3,3.0,400.0,2019,2
3,5.0,1200.0,2019,2
3,7.0,734.9230769230769,2019,2
3,9.0,,2019,2
3,10.0,1349.375,2019,2
3,12.0,3499.5,2019,2
3,13.0,998.0,2019,2
3,15.0,,2019,2
4,2.0,416.6666666666667,2019,2
4,3.0,677.9444444444445,2019,2
4,4.0,644.8,2019,2
4,5.0,752.0763358778626,2019,2
4,6.0,590.0,2019,2
4,7.0,807.9824324324325,2019,2
4,8.0,670.7741935483871,2019,2
4,9.0,1418.75,2019,2
4,10.0,1258.4178743961352,2019,2
4,11.0,800.7021276595744,2019,2
4,12.0,2763.4718309859154,2019,2
4,13.0,3988.393103448276,2019,2
4,14.0,5041.5,2019,2
4,15.0,7037.5,2019,2
5,3.0,,2019,2
5,5.0,400.0,2019,2
5,6.0,400.0,2019,2
5,7.0,1008.6666666666666,2019,2
5,10.0,1088.4444444444443,2019,2
5,12.0,4109.8,2019,2
5,13.0,1600.0,2019,2
5,14.0,2000.0,2019,2
1,2.0,450.0,2019,3
1,3.0,442.625,2019,3
1,4.0,1000.0,2019,3
1,5.0,628.9454545454546,2019,3
1,6.0,648.0,2019,3
1,7.0,862.5697674418604,2019,3
1,8.0,336.25,2019,3
1,9.0,2179.818181818182,2019,3
1,10.0,1396.29706601467,2019,3
1,11.0,1008.7272727272727,2019,3
1,12.0,3552.4587378640776,2019,3
1,13.0,4913.625850340136,2019,3
1,14.0,7626.111111111111,2019,3
1,15.0,7330.0,2019,3
2,2.0,,2019,3
2,3.0,477.0,2019,3
2,4.0,998.0,2019,3
2,5.0,793.375,2019,3
2,6.0,1500.0,2019,3
2,7.0,876.3806818181819,2019,3
2,8.0,1500.0,2019,3
2,9.0,300.0,2019,3
2,10.0,1328.75,2019,3
2,11.0,703.6,2019,3
2,12.0,2452.921568627451,2019,3
2,13.0,2421.478260869565,2019,3
2,14.0,1550.0,2019,3
2,15.0,12800.0,2019,3
3,3.0,,2019,3
3,5.0,300.0,2019,3
3,7.0,1039.6,2019,3
3,8.0,200.0,2019,3
3,9.0,749.0,2019,3
3,10.0,1319.1,2019,3
3,12.0,3439.8,2019,3
3,13.0,4000.0,2019,3
4,2.0,200.0,2019,3
4,3.0,461.13953488372096,2019,3
4,4.0,371.625,2019,3
4,5.0,812.0984848484849,2019,3
4,6.0,275.0,2019,3
4,7.0,785.9609325771896,2019,3
4,8.0,467.1724137931034,2019,3
4,9.0,1081.25,2019,3
4,10.0,1256.1918294849022,2019,3
4,11.0,703.2222222222222,2019,3
4,12.0,2638.8577680525163,2019,3
4,13.0,3920.993006993007,2019,3
4,14.0,7233.166666666667,2019,3
4,15.0,4250.0,2019,3
5,3.0,,2019,3
5,5.0,,2019,3
5,6.0,,2019,3
5,7.0,943.0,2019,3
5,10.0,1326.888888888889,2019,3
5,12.0,1534.0,2019,3
5,13.0,3300.0,2019,3
1,2.0,800.0,2019,4
1,3.0,489.7142857142857,2019,4
1,4.0,120.0,2019,4
1,5.0,764.6271186440678,2019,4
1,6.0,460.0,2019,4
1,7.0,797.7799227799228,2019,4
1,8.0,653.6923076923077,2019,4
1,9.0,2745.692307692308,2019,4
1,10.0,1460.901069518717,2019,4
1,11.0,1138.1538461538462,2019,4
1,12.0,3782.847545219638,2019,4
1,13.0,5659.290780141844,2019,4
1,14.0,6808.15,2019,4
1,15.0,9583.333333333334,2019,4
2,2.0,,2019,4
2,3.0,1116.6666666666667,2019,4
2,4.0,699.0,2019,4
2,5.0,730.9444444444445,2019,4
2,6.0,1500.0,2019,4
2,7.0,846.8457446808511,2019,4
2,8.0,120.0,2019,4
2,9.0,,2019,4
2,10.0,1204.801724137931,2019,4
2,11.0,849.5,2019,4
2,12.0,1990.3,2019,4
2,13.0,2763.2105263157896,2019,4
2,14.0,7325.25,2019,4
2,15.0,15325.0,2019,4
3,5.0,2000.0,2019,4
3,7.0,1006.0833333333334,2019,4
3,8.0,998.0,2019,4
3,9.0,,2019,4
3,10.0,1904.4761904761904,2019,4
3,12.0,3283.333333333333,2019,4
3,14.0,4700.0,2019,4
3,15.0,998.0,2019,4
4,2.0,782.6666666666666,2019,4
4,3.0,581.9795918367347,2019,4
4,4.0,298.6,2019,4
4,5.0,736.4379562043796,2019,4
4,6.0,512.0,2019,4
4,7.0,818.2732997481108,2019,4
4,8.0,619.90625,2019,4
4,9.0,2094.4444444444443,2019,4
4,10.0,1221.1437908496732,2019,4
4,11.0,823.3684210526316,2019,4
4,12.0,2448.2991071428573,2019,4
4,13.0,4547.908496732026,2019,4
4,14.0,6258.333333333333,2019,4
4,15.0,6100.0,2019,4
5,3.0,,2019,4
5,5.0,400.0,2019,4
5,6.0,,2019,4
5,7.0,753.5384615384615,2019,4
5,8.0,,2019,4
5,10.0,1753.6923076923076,2019,4
5,12.0,2407.4,2019,4
5,13.0,1600.0,2019,4
9,7.0,1200.0,2019,4
1,2.0,,2020,1
1,3.0,752.6,2020,1
1,4.0,240.0,2020,1
1,5.0,775.1372549019608,2020,1
1,6.0,1140.0,2020,1
1,7.0,919.3263888888888,2020,1
1,8.0,333.3333333333333,2020,1
1,9.0,3150.0,2020,1
1,10.0,1449.645251396648,2020,1
1,11.0,799.5,2020,1
1,12.0,3625.3313609467455,2020,1
1,13.0,6206.154929577465,2020,1
1,14.0,10566.666666666666,2020,1
1,15.0,13600.0,2020,1
2,3.0,366.6666666666667,2020,1
2,4.0,,2020,1
2,5.0,723.8,2020,1
2,6.0,,2020,1
2,7.0,833.7870967741935,2020,1
2,8.0,998.0,2020,1
2,9.0,1100.0,2020,1
2,10.0,1241.326923076923,2020,1
2,11.0,660.0,2020,1
2,12.0,2207.40350877193,2020,1
2,13.0,3467.5789473684213,2020,1
2,14.0,3250.0,2020,1
2,15.0,11350.0,2020,1
3,3.0,90.0,2020,1
3,5.0,,2020,1
3,7.0,1267.5,2020,1
3,9.0,2500.0,2020,1
3,10.0,1266.2666666666669,2020,1
3,12.0,1224.5,2020,1
3,13.0,3150.0,2020,1
4,2.0,1279.1666666666667,2020,1
4,3.0,416.5,2020,1
4,4.0,807.1428571428571,2020,1
4,5.0,787.7596899224807,2020,1
4,6.0,1101.6666666666667,2020,1
4,7.0,856.3860465116279,2020,1
4,8.0,769.0952380952381,2020,1
4,9.0,1116.111111111111,2020,1
4,10.0,1237.5,2020,1
4,11.0,908.5454545454544,2020,1
4,12.0,2604.8927738927737,2020,1
4,13.0,3771.953125,2020,1
4,14.0,6188.888888888889,2020,1
4,15.0,4600.0,2020,1
5,3.0,,2020,1
5,5.0,600.0,2020,1
5,7.0,569.8571428571429,2020,1
5,10.0,1256.2222222222222,2020,1
5,11.0,,2020,1
5,12.0,1787.5,2020,1
5,13.0,1600.0,2020,1
1,2.0,,2020,2
1,3.0,594.6666666666666,2020,2
1,4.0,290.0,2020,2
1,5.0,906.0,2020,2
1,6.0,1174.375,2020,2
1,7.0,960.4172413793104,2020,2
1,8.0,260.0,2020,2
1,9.0,2000.0,2020,2
1,10.0,1424.752455795678,2020,2
1,11.0,856.8,2020,2
1,12.0,3742.705035971223,2020,2
1,13.0,6603.726415094339,2020,2
1,14.0,6578.75,2020,2
1,15.0,10833.333333333334,2020,2
2,2.0,,2020,2
2,3.0,175.0,2020,2
2,4.0,,2020,2
2,5.0,1014.25,2020,2
2,6.0,,2020,2
2,7.0,912.056179775281,2020,2
2,8.0,622.5,2020,2
2,9.0,1145.0,2020,2
2,10.0,1164.4625850340135,2020,2
2,11.0,1059.3333333333333,2020,2
2,12.0,2148.5263157894738,2020,2
2,13.0,3767.470588235294,2020,2
2,14.0,5000.0,2020,2
2,15.0,12700.0,2020,2
3,3.0,,2020,2
3,5.0,,2020,2
3,7.0,1305.125,2020,2
3,8.0,,2020,2
3,9.0,1500.0,2020,2
3,10.0,1589.6,2020,2
3,12.0,1550.0,2020,2
3,13.0,3150.0,2020,2
4,2.0,3450.0,2020,2
4,3.0,542.5,2020,2
4,4.0,1400.0,2020,2
4,5.0,912.5753424657536,2020,2
4,6.0,1328.0,2020,2
4,7.0,925.8209134615385,2020,2
4,8.0,701.25,2020,2
4,9.0,1161.875,2020,2
4,10.0,1251.151,2020,2
4,11.0,1301.5,2020,2
4,12.0,2437.2335526315787,2020,2
4,13.0,3752.762711864407,2020,2
4,14.0,4249.285714285715,2020,2
4,15.0,10333.333333333334,2020,2
5,3.0,,2020,2
5,5.0,600.0,2020,2
5,7.0,287.5,2020,2
5,10.0,1349.6,2020,2
5,11.0,,2020,2
5,12.0,2500.0,2020,2
5,13.0,,2020,2
1,2.0,,2020,3
1,3.0,688.4,2020,3
1,4.0,538.3333333333334,2020,3
1,5.0,915.5555555555557,2020,3
1,6.0,1125.0,2020,3
1,7.0,986.852140077821,2020,3
1,8.0,200.0,2020,3
1,9.0,400.0,2020,3
1,10.0,1341.2264957264956,2020,3
1,11.0,1092.875,2020,3
1,12.0,4036.3196721311474,2020,3
1,13.0,7073.320987654321,2020,3
1,14.0,7375.0,2020,3
1,15.0,10522.5,2020,3
2,2.0,200.0,2020,3
2,3.0,175.0,2020,3
2,4.0,,2020,3
2,5.0,1213.75,2020,3
2,6.0,,2020,3
2,7.0,900.2435897435897,2020,3
2,8.0,572.5,2020,3
2,9.0,,2020,3
2,10.0,1243.5328467153286,2020,3
2,11.0,892.6666666666666,2020,3
2,12.0,2412.3214285714284,2020,3
2,13.0,5195.368421052632,2020,3
2,14.0,,2020,3
2,15.0,12700.0,2020,3
3,3.0,,2020,3
3,5.0,,2020,3
3,7.0,1260.0,2020,3
3,8.0,,2020,3
3,9.0,2000.0,2020,3
3,10.0,1309.6,2020,3
3,12.0,4272.5,2020,3
3,13.0,3000.0,2020,3
4,2.0,3550.0,2020,3
4,3.0,468.8888888888889,2020,3
4,4.0,1347.5,2020,3
4,5.0,905.646153846154,2020,3
4,6.0,1133.75,2020,3
4,7.0,963.3744019138755,2020,3
4,8.0,585.9375,2020,3
4,9.0,879.0,2020,3
4,10.0,1204.8921568627452,2020,3
4,11.0,1304.590909090909,2020,3
4,12.0,2835.1833333333334,2020,3
4,13.0,3803.80612244898,2020,3
4,14.0,3063.5714285714284,2020,3
4,15.0,13000.0,2020,3
5,3.0,,2020,3
5,5.0,600.0,2020,3
5,7.0,,2020,3
5,8.0,,2020,3
5,10.0,1049.6,2020,3
5,12.0,,2020,3
9,10.0,2000.0,2020,3
1,2.0,1350.0,2020,4
1,3.0,555.25,2020,4
1,4.0,582.5,2020,4
1,5.0,903.125,2020,4
1,6.0,1350.0,2020,4
1,7.0,980.4341637010676,2020,4
1,8.0,825.0,2020,4
1,9.0,825.0,2020,4
1,10.0,1373.8587570621469,2020,4
1,11.0,987.2222222222222,2020,4
1,12.0,3756.3828125,2020,4
1,13.0,7441.555555555556,2020,4
1,14.0,10092.307692307691,2020,4
1,15.0,11015.0,2020,4
2,2.0,1045.0,2020,4
2,3.0,175.0,2020,4
2,4.0,1045.0,2020,4
2,5.0,982.7272727272727,2020,4
2,6.0,,2020,4
2,7.0,853.1447368421053,2020,4
2,8.0,572.5,2020,4
2,9.0,,2020,4
2,10.0,1170.670520231214,2020,4
2,11.0,1215.6,2020,4
2,12.0,2549.358974358974,2020,4
2,13.0,4614.0,2020,4
2,14.0,5000.0,2020,4
2,15.0,12700.0,2020,4
3,2.0,,2020,4
3,3.0,,2020,4
3,5.0,60.0,2020,4
3,7.0,1141.428571428571,2020,4
3,8.0,,2020,4
3,10.0,1437.0,2020,4
3,11.0,150.0,2020,4
3,12.0,5822.5,2020,4
3,13.0,3000.0,2020,4
4,2.0,3050.0,2020,4
4,3.0,570.1052631578947,2020,4
4,4.0,1161.25,2020,4
4,5.0,829.4078947368421,2020,4
4,6.0,939.6666666666666,2020,4
4,7.0,974.2096412556052,2020,4
4,8.0,792.375,2020,4
4,9.0,998.5714285714286,2020,4
4,10.0,1192.367688022284,2020,4
4,11.0,1094.1666666666667,2020,4
4,12.0,2722.8155339805826,2020,4
4,13.0,4014.912621359224,2020,4
4,14.0,3025.625,2020,4
4,15.0,11333.333333333334,2020,4
5,3.0,,2020,4
5,5.0,400.0,2020,4
5,7.0,,2020,4
5,8.0,500.0,2020,4
5,10.0,967.6,2020,4
5,12.0,1000.0,2020,4
5,13.0,17500.0,2020,4
9,5.0,800.0,2020,4
9,7.0,1200.0,2020,4
9,10.0,993.3333333333334,2020,4
1,2.0,950.0,2021,1
1,3.0,499.38461538461536,2021,1
1,4.0,,2021,1
1,5.0,933.8461538461538,2021,1
1,6.0,781.6666666666666,2021,1
1,7.0,988.9933333333332,2021,1
1,8.0,916.6666666666666,2021,1
1,9.0,1133.3333333333333,2021,1
1,10.0,1340.214421252372,2021,1
1,11.0,1429.0,2021,1
1,12.0,3599.246031746032,2021,1
1,13.0,8187.604651162791,2021,1
1,14.0,8035.714285714285,2021,1
1,15.0,6522.5,2021,1
2,2.0,1100.0,2021,1
2,3.0,100.0,2021,1
2,4.0,1045.0,2021,1
2,5.0,1097.9411764705883,2021,1
2,6.0,300.0,2021,1
2,7.0,927.8888888888888,2021,1
2,8.0,562.5,2021,1
2,9.0,,2021,1
2,10.0,1183.8372093023256,2021,1
2,11.0,1754.0,2021,1
2,12.0,2559.232558139535,2021,1
2,13.0,5187.3125,2021,1
2,14.0,5000.0,2021,1
2,15.0,12700.0,2021,1
3,2.0,,2021,1
3,5.0,,2021,1
3,7.0,1057.125,2021,1
3,10.0,1214.2857142857142,2021,1
3,11.0,600.0,2021,1
3,12.0,6611.25,2021,1
3,13.0,2772.0,2021,1
4,2.0,966.6666666666666,2021,1
4,3.0,451.25,2021,1
4,4.0,950.0,2021,1
4,5.0,808.4230769230769,2021,1
4,6.0,1191.6666666666667,2021,1
4,7.0,937.9400510204082,2021,1
4,8.0,965.0,2021,1
4,9.0,780.0,2021,1
4,10.0,1227.1889763779527,2021,1
4,11.0,951.6176470588236,2021,1
4,12.0,2898.9662162162163,2021,1
4,13.0,4690.662790697675,2021,1
4,14.0,5730.5,2021,1
4,15.0,9000.0,2021,1
5,5.0,,2021,1
5,7.0,4000.0,2021,1
5,8.0,,2021,1
5,10.0,763.5,2021,1
5,12.0,2533.333333333333,2021,1
5,13.0,20000.0,2021,1
9,7.0,1100.0,2021,1
9,10.0,1100.0,2021,1
1,2.0,700.0,2021,2
1,3.0,433.3529411764706,2021,2
1,4.0,650.0,2021,2
1,5.0,901.0416666666666,2021,2
1,6.0,700.0,2021,2
1,7.0,976.5738255033556,2021,2
1,8.0,1250.0,2021,2
1,9.0,1985.7142857142856,2021,2
1,10.0,1383.0366088631984,2021,2
1,11.0,1777.142857142857,2021,2
1,12.0,3662.215094339623,2021,2
1,13.0,7402.272727272727,2021,2
1,14.0,8900.0,2021,2
1,15.0,10000.0,2021,2
2,2.0,,2021,2
2,3.0,550.0,2021,2
2,4.0,1100.0,2021,2
2,5.0,1119.6666666666667,2021,2
2,6.0,,2021,2
2,7.0,857.1098901098901,2021,2
2,8.0,1100.0,2021,2
2,9.0,,2021,2
2,10.0,1241.3559322033898,2021,2
2,11.0,1600.0,2021,2
2,12.0,2744.923076923077,2021,2
2,13.0,5073.0,2021,2
2,14.0,9300.0,2021,2
2,15.0,,2021,2
3,5.0,,2021,2
3,6.0,,2021,2
3,7.0,1011.8888888888888,2021,2
3,10.0,2655.555555555556,2021,2
3,11.0,,2021,2
3,12.0,7311.25,2021,2
3,13.0,1400.0,2021,2
4,2.0,686.6666666666666,2021,2
4,3.0,730.2631578947369,2021,2
4,4.0,575.0,2021,2
4,5.0,1034.9625,2021,2
4,6.0,1113.235294117647,2021,2
4,7.0,943.917631917632,2021,2
4,8.0,1215.0,2021,2
4,9.0,675.0,2021,2
4,10.0,1222.9140989729226,2021,2
4,11.0,865.8846153846154,2021,2
4,12.0,2830.6734006734005,2021,2
4,13.0,4475.829268292683,2021,2
4,14.0,5172.727272727273,2021,2
4,15.0,8333.333333333334,2021,2
5,5.0,,2021,2
5,7.0,2025.0,2021,2
5,8.0,,2021,2
5,10.0,1320.0,2021,2
5,12.0,2100.0,2021,2
5,13.0,16120.0,2021,2
1,2.0,536.6666666666666,2021,3
1,3.0,589.6666666666666,2021,3
1,4.0,850.0,2021,3
1,5.0,896.9354838709677,2021,3
1,6.0,883.3333333333334,2021,3
1,7.0,969.9827160493828,2021,3
1,8.0,600.0,2021,3
1,9.0,1991.4285714285716,2021,3
1,10.0,1343.259375,2021,3
1,11.0,1637.5,2021,3
1,12.0,3522.245398773006,2021,3
1,13.0,6521.021505376344,2021,3
1,14.0,5434.375,2021,3
1,15.0,10600.0,2021,3
2,2.0,,2021,3
2,3.0,337.5,2021,3
2,4.0,1100.0,2021,3
2,5.0,1506.0,2021,3
2,6.0,200.0,2021,3
2,7.0,883.2213740458016,2021,3
2,8.0,1100.0,2021,3
2,9.0,500.0,2021,3
2,10.0,1390.2067307692307,2021,3
2,11.0,1140.0,2021,3
2,12.0,2309.5686274509803,2021,3
2,13.0,3509.705882352941,2021,3
2,14.0,9300.0,2021,3
2,15.0,,2021,3
3,5.0,,2021,3
3,6.0,,2021,3
3,7.0,1105.0,2021,3
3,10.0,1603.3333333333333,2021,3
3,11.0,,2021,3
3,12.0,4887.5,2021,3
3,13.0,,2021,3
4,2.0,644.2,2021,3
4,3.0,832.3225806451613,2021,3
4,4.0,750.0,2021,3
4,5.0,998.2314814814816,2021,3
4,6.0,896.4285714285714,2021,3
4,7.0,917.4566420664206,2021,3
4,8.0,1067.1875,2021,3
4,9.0,575.0,2021,3
4,10.0,1237.7006319115324,2021,3
4,11.0,694.8333333333334,2021,3
4,12.0,2598.656804733728,2021,3
4,13.0,4829.487804878048,2021,3
4,14.0,7000.0,2021,3
4,15.0,6000.0,2021,3
5,3.0,,2021,3
5,7.0,1128.888888888889,2021,3
5,8.0,,2021,3
5,10.0,1075.0,2021,3
5,11.0,,2021,3
5,12.0,1380.0,2021,3
5,13.0,16120.0,2021,3
1,2.0,500.0,2021,4
1,3.0,3625.7,2021,4
1,4.0,490.0,2021,4
1,5.0,737.7777777777778,2021,4
1,6.0,1483.3333333333333,2021,4
1,7.0,1009.8471615720524,2021,4
1,8.0,795.0,2021,4
1,9.0,2314.285714285714,2021,4
1,10.0,1467.437125748503,2021,4
1,11.0,1321.428571428571,2021,4
1,12.0,3336.697819314642,2021,4
1,13.0,6120.67,2021,4
1,14.0,6206.666666666667,2021,4
1,15.0,8100.0,2021,4
2,2.0,,2021,4
2,3.0,1012.5,2021,4
2,4.0,300.0,2021,4
2,5.0,875.0,2021,4
2,6.0,650.0,2021,4
2,7.0,909.6351351351352,2021,4
2,8.0,250.0,2021,4
2,9.0,500.0,2021,4
2,10.0,1262.7654867256638,2021,4
2,11.0,1205.0,2021,4
2,12.0,2664.051724137931,2021,4
2,13.0,5870.8125,2021,4
2,14.0,9300.0,2021,4
2,15.0,,2021,4
3,2.0,,2021,4
3,5.0,1200.0,2021,4
3,6.0,,2021,4
3,7.0,706.6666666666666,2021,4
3,10.0,1425.0,2021,4
3,12.0,4310.0,2021,4
3,13.0,550.0,2021,4
4,2.0,506.6666666666667,2021,4
4,3.0,689.918918918919,2021,4
4,4.0,725.0,2021,4
4,5.0,1046.6186440677966,2021,4
4,6.0,1330.0,2021,4
4,7.0,896.0724890829695,2021,4
4,8.0,712.6923076923077,2021,4
4,9.0,725.0,2021,4
4,10.0,1233.5166425470334,2021,4
4,11.0,956.7,2021,4
4,12.0,2444.956923076923,2021,4
4,13.0,5755.48717948718,2021,4
4,14.0,7933.333333333333,2021,4
4,15.0,6325.0,2021,4
5,3.0,,2021,4
5,5.0,1100.0,2021,4
5,7.0,1091.6666666666667,2021,4
5,10.0,1209.090909090909,2021,4
5,11.0,,2021,4
5,12.0,1800.0,2021,4
5,13.0,55000.0,2021,4
1,1.0,,2022,1
1,2.0,1300.0,2022,1
1,3.0,442.44444444444446,2022,1
1,4.0,930.0,2022,1
1,5.0,891.9433962264151,2022,1
1,6.0,1396.2857142857142,2022,1
1,7.0,1095.0975056689342,2022,1
1,8.0,666.5,2022,1
1,9.0,5404.0,2022,1
1,10.0,1454.278014184397,2022,1
1,11.0,936.4166666666666,2022,1
1,12.0,3280.2734584450404,2022,1
1,13.0,5506.950495049505,2022,1
1,14.0,5260.75,2022,1
1,15.0,8250.0,2022,1
2,1.0,,2022,1
2,2.0,1100.0,2022,1
2,3.0,800.0,2022,1
2,4.0,680.0,2022,1
2,5.0,1170.7692307692307,2022,1
2,6.0,500.0,2022,1
2,7.0,944.0359281437126,2022,1
2,8.0,662.5,2022,1
2,9.0,604.0,2022,1
2,10.0,1304.7845528455284,2022,1
2,11.0,1125.0,2022,1
2,12.0,2224.557142857143,2022,1
2,13.0,6169.5,2022,1
2,14.0,6566.666666666667,2022,1
2,15.0,3600.0,2022,1
3,5.0,1600.0,2022,1
3,6.0,,2022,1
3,7.0,1270.25,2022,1
3,8.0,,2022,1
3,10.0,1017.7142857142856,2022,1
3,12.0,2200.333333333333,2022,1
3,13.0,2025.0,2022,1
4,2.0,835.6666666666666,2022,1
4,3.0,645.8222222222222,2022,1
4,4.0,818.8571428571429,2022,1
4,5.0,1229.9756097560976,2022,1
4,6.0,1642.875,2022,1
4,7.0,1006.124765478424,2022,1
4,8.0,789.8235294117648,2022,1
4,9.0,1358.857142857143,2022,1
4,10.0,1273.1026352288488,2022,1
4,11.0,655.8888888888889,2022,1
4,12.0,2449.625,2022,1
4,13.0,4813.604938271605,2022,1
4,14.0,6593.75,2022,1
4,15.0,5200.0,2022,1
5,3.0,,2022,1
5,6.0,,2022,1
5,7.0,685.7142857142857,2022,1
5,9.0,2424.0,2022,1
5,10.0,1074.923076923077,2022,1
5,11.0,,2022,1
5,12.0,2356.0,2022,1
9,10.0,601.0,2022,1
1,2.0,706.0,2022,2
1,3.0,1208.909090909091,2022,2
1,4.0,1437.5,2022,2
1,5.0,1148.6037735849056,2022,2
1,6.0,1252.3636363636365,2022,2
1,7.0,1075.723311546841,2022,2
1,8.0,710.75,2022,2
1,9.0,3260.5714285714284,2022,2
1,10.0,1513.9060913705584,2022,2
1,11.0,976.7692307692308,2022,2
1,12.0,3223.3789173789173,2022,2
1,13.0,5373.028846153846,2022,2
1,14.0,7575.363636363636,2022,2
1,15.0,6357.142857142857,2022,2
2,2.0,2700.0,2022,2
2,3.0,1062.4,2022,2
2,4.0,812.4,2022,2
2,5.0,1536.5882352941176,2022,2
2,6.0,850.0,2022,2
2,7.0,1010.8823529411764,2022,2
2,8.0,804.8,2022,2
2,9.0,750.0,2022,2
2,10.0,1480.9234042553192,2022,2
2,11.0,1862.4,2022,2
2,12.0,2466.4210526315787,2022,2
2,13.0,3910.095238095238,2022,2
2,14.0,6600.0,2022,2
2,15.0,5666.666666666667,2022,2
3,5.0,800.0,2022,2
3,6.0,,2022,2
3,7.0,913.6363636363636,2022,2
3,8.0,,2022,2
3,10.0,1356.7272727272727,2022,2
3,12.0,4376.5,2022,2
3,13.0,2250.0,2022,2
4,2.0,777.75,2022,2
4,3.0,791.1111111111111,2022,2
4,4.0,762.0,2022,2
4,5.0,1276.3253968253969,2022,2
4,6.0,1387.1666666666667,2022,2
4,7.0,979.969396939694,2022,2
4,8.0,720.7894736842105,2022,2
4,9.0,1624.0,2022,2
4,10.0,1330.454177897574,2022,2
4,11.0,659.780487804878,2022,2
4,12.0,2443.803738317757,2022,2
4,13.0,4281.808988764045,2022,2
4,14.0,5100.0,2022,2
4,15.0,7842.4,2022,2
5,3.0,,2022,2
5,5.0,400.0,2022,2
5,7.0,782.4,2022,2
5,9.0,2424.0,2022,2
5,10.0,1092.25,2022,2
5,12.0,2047.0,2022,2
5,13.0,,2022,2
9,8.0,800.0,2022,2
9,10.0,956.0,2022,2
9,12.0,1200.0,2022,2
1,1.0,,2022,3
1,2.0,681.0,2022,3
1,3.0,1171.2222222222222,2022,3
1,4.0,1131.5,2022,3
1,5.0,971.1272727272728,2022,3
1,6.0,1716.0,2022,3
1,7.0,1102.5870967741937,2022,3
1,8.0,1219.428571428571,2022,3
1,9.0,2035.7142857142856,2022,3
1,10.0,1517.9188481675392,2022,3
1,11.0,871.0666666666667,2022,3
1,12.0,3426.9329608938547,2022,3
1,13.0,5771.278846153846,2022,3
1,14.0,4980.095238095239,2022,3
1,15.0,9000.0,2022,3
2,2.0,2106.0,2022,3
2,3.0,1103.4,2022,3
2,4.0,754.8,2022,3
2,5.0,904.4545454545456,2022,3
2,6.0,883.3333333333334,2022,3
2,7.0,1013.0689655172414,2022,3
2,8.0,678.0,2022,3
2,9.0,840.0,2022,3
2,10.0,1628.043321299639,2022,3
2,11.0,1314.2857142857142,2022,3
2,12.0,2529.6486486486488,2022,3
2,13.0,3445.777777777778,2022,3
2,14.0,5500.0,2022,3
2,15.0,6000.0,2022,3
3,5.0,1200.0,2022,3
3,6.0,,2022,3
3,7.0,1024.8333333333333,2022,3
3,8.0,,2022,3
3,10.0,1253.9,2022,3
3,11.0,1212.0,2022,3
3,12.0,2580.4444444444443,2022,3
3,13.0,3800.0,2022,3
4,1.0,,2022,3
4,2.0,790.6666666666666,2022,3
4,3.0,557.36,2022,3
4,4.0,794.5714285714286,2022,3
4,5.0,1145.2916666666667,2022,3
4,6.0,1493.3333333333333,2022,3
4,7.0,1026.0583262890957,2022,3
4,8.0,1063.2380952380952,2022,3
4,9.0,1040.3333333333333,2022,3
4,10.0,1338.7367346938777,2022,3
4,11.0,811.3055555555555,2022,3
4,12.0,2688.3676880222843,2022,3
4,13.0,4393.0,2022,3
4,14.0,4611.333333333333,2022,3
4,15.0,9600.0,2022,3
5,3.0,60.0,2022,3
5,4.0,,2022,3
5,5.0,1212.0,2022,3
5,7.0,1415.5,2022,3
5,9.0,1212.0,2022,3
5,10.0,1447.4736842105262,2022,3
5,12.0,3284.8,2022,3
9,12.0,1790.0,2022,3
1,1.0,,2022,4
1,2.0,756.0,2022,4
1,3.0,775.8666666666667,2022,4
1,4.0,699.2857142857143,2022,4
1,5.0,1217.2586206896551,2022,4
1,6.0,1757.142857142857,2022,4
1,7.0,1264.3842794759826,2022,4
1,8.0,1168.6666666666667,2022,4
1,9.0,2017.4,2022,4
1,10.0,1785.2722772277227,2022,4
1,11.0,863.4285714285714,2022,4
1,12.0,3668.032520325203,2022,4
1,13.0,6334.632478632479,2022,4
1,14.0,5929.578947368421,2022,4
1,15.0,8483.333333333334,2022,4
2,2.0,3000.0,2022,4
2,3.0,904.5714285714286,2022,4
2,4.0,690.5,2022,4
2,5.0,886.6666666666666,2022,4
2,6.0,1344.8,2022,4
2,7.0,1000.3809523809524,2022,4
2,8.0,692.4,2022,4
2,9.0,,2022,4
2,10.0,1446.5954198473282,2022,4
2,11.0,1232.0,2022,4
2,12.0,2649.904761904762,2022,4
2,13.0,6841.052631578948,2022,4
2,14.0,8000.0,2022,4
2,15.0,10000.0,2022,4
3,3.0,,2022,4
3,5.0,900.0,2022,4
3,6.0,,2022,4
3,7.0,1124.0,2022,4
3,8.0,,2022,4
3,10.0,1031.857142857143,2022,4
3,12.0,3479.1111111111118,2022,4
3,13.0,2706.0,2022,4
3,14.0,30000.0,2022,4
4,1.0,,2022,4
4,2.0,750.8,2022,4
4,3.0,538.8888888888889,2022,4
4,4.0,817.7142857142857,2022,4
4,5.0,1029.359375,2022,4
4,6.0,1280.1052631578948,2022,4
4,7.0,1127.2069597069597,2022,4
4,8.0,935.8,2022,4
4,9.0,1917.2,2022,4
4,10.0,1383.4548635409378,2022,4
4,11.0,846.4666666666667,2022,4
4,12.0,3069.154054054054,2022,4
4,13.0,5329.625,2022,4
4,14.0,4486.166666666667,2022,4
4,15.0,13166.666666666666,2022,4
5,3.0,100.0,2022,4
5,4.0,850.0,2022,4
5,5.0,1212.0,2022,4
5,6.0,,2022,4
5,7.0,1282.75,2022,4
5,9.0,,2022,4
5,10.0,1314.9473684210527,2022,4
5,12.0,2093.5,2022,4
5,13.0,,2022,4
1,1.0,,2023,1
1,2.0,1302.0,2023,1
1,3.0,919.1111111111112,2023,1
1,4.0,1082.0,2023,1
1,5.0,1602.4137931034484,2023,1
1,6.0,1050.5,2023,1
1,7.0,1192.9918367346938,2023,1
1,8.0,1143.6923076923076,2023,1
1,9.0,1455.4,2023,1
1,10.0,2167.6358974358973,2023,1
1,11.0,1104.142857142857,2023,1
1,12.0,3958.792022792023,2023,1
1,13.0,6197.834710743801,2023,1
1,14.0,5916.0,2023,1
1,15.0,8333.333333333334,2023,1
2,2.0,,2023,1
2,3.0,810.3333333333334,2023,1
2,4.0,642.4,2023,1
2,5.0,946.125,2023,1
2,6.0,1214.0,2023,1
2,7.0,1100.6011560693642,2023,1
2,8.0,766.6666666666666,2023,1
2,9.0,1601.0,2023,1
2,10.0,1495.4176706827309,2023,1
2,11.0,1180.571428571429,2023,1
2,12.0,2985.794117647059,2023,1
2,13.0,5272.315789473684,2023,1
2,14.0,5900.0,2023,1
2,15.0,10000.0,2023,1
3,3.0,,2023,1
3,5.0,,2023,1
3,6.0,,2023,1
3,7.0,1040.6666666666667,2023,1
3,8.0,,2023,1
3,10.0,1218.85,2023,1
3,12.0,4750.0,2023,1
3,13.0,2751.0,2023,1
4,1.0,1302.0,2023,1
4,2.0,815.2222222222222,2023,1
4,3.0,660.0,2023,1
4,4.0,1080.5,2023,1
4,5.0,1102.71,2023,1
4,6.0,1163.4545454545455,2023,1
4,7.0,1125.4054794520548,2023,1
4,8.0,811.9047619047619,2023,1
4,9.0,1892.5,2023,1
4,10.0,1456.6904069767445,2023,1
4,11.0,940.1538461538462,2023,1
4,12.0,3111.559228650138,2023,1
4,13.0,4634.725490196079,2023,1
4,14.0,4312.333333333333,2023,1
4,15.0,12000.0,2023,1
5,3.0,,2023,1
5,4.0,,2023,1
5,5.0,1400.0,2023,1
5,7.0,989.1428571428572,2023,1
5,9.0,1460.0,2023,1
5,10.0,1129.2307692307693,2023,1
5,12.0,2650.0,2023,1
5,13.0,,2023,1
1,2.0,,2023,2
1,3.0,1185.7142857142858,2023,2
1,4.0,1366.6666666666667,2023,2
1,5.0,1417.7931034482758,2023,2
1,6.0,2100.0,2023,2
1,7.0,1347.427616926503,2023,2
1,8.0,1511.8181818181818,2023,2
1,9.0,1606.5,2023,2
1,10.0,2051.555133079848,2023,2
1,11.0,1206.8,2023,2
1,12.0,4250.421348314607,2023,2
1,13.0,5969.873015873016,2023,2
1,14.0,5587.368421052632,2023,2
1,15.0,9823.333333333334,2023,2
2,2.0,,2023,2
2,3.0,844.0,2023,2
2,4.0,900.6666666666666,2023,2
2,5.0,814.8,2023,2
2,6.0,1100.5,2023,2
2,7.0,1137.528735632184,2023,2
2,8.0,438.57142857142856,2023,2
2,9.0,1400.0,2023,2
2,10.0,1597.5650406504064,2023,2
2,11.0,1466.875,2023,2
2,12.0,3027.7049180327867,2023,2
2,13.0,4285.384615384615,2023,2
2,14.0,10000.0,2023,2
2,15.0,10000.0,2023,2
3,3.0,,2023,2
3,5.0,,2023,2
3,6.0,,2023,2
3,7.0,985.2,2023,2
3,8.0,,2023,2
3,10.0,1186.5263157894738,2023,2
3,12.0,9740.0,2023,2
3,13.0,2851.0,2023,2
4,2.0,557.1428571428571,2023,2
4,3.0,771.6842105263158,2023,2
4,4.0,843.6666666666666,2023,2
4,5.0,892.1034482758621,2023,2
4,6.0,1156.2,2023,2
4,7.0,1133.6363636363635,2023,2
4,8.0,1032.0,2023,2
4,9.0,1870.0,2023,2
4,10.0,1435.323892519971,2023,2
4,11.0,1064.071428571429,2023,2
4,12.0,3168.2583979328165,2023,2
4,13.0,4535.871794871795,2023,2
4,14.0,5228.5,2023,2
4,15.0,10212.5,2023,2
5,3.0,,2023,2
5,4.0,,2023,2
5,5.0,,2023,2
5,7.0,862.8571428571429,2023,2
5,8.0,1302.0,2023,2
5,10.0,1269.7083333333333,2023,2
5,11.0,700.0,2023,2
5,12.0,1050.0,2023,2
5,13.0,,2023,2
1,2.0,600.0,2023,3
1,3.0,910.0,2023,3
1,4.0,1108.3333333333333,2023,3
1,5.0,1388.4827586206898,2023,3
1,6.0,1330.0,2023,3
1,7.0,1354.3375796178343,2023,3
1,8.0,1384.6666666666667,2023,3
1,9.0,1616.428571428571,2023,3
1,10.0,1732.6808510638298,2023,3
1,11.0,1789.4444444444443,2023,3
1,12.0,4106.671834625323,2023,3
1,13.0,6901.228571428572,2023,3
1,14.0,7782.347826086957,2023,3
1,15.0,10623.076923076924,2023,3
2,2.0,,2023,3
2,3.0,675.0,2023,3
2,4.0,500.0,2023,3
2,5.0,926.5,2023,3
2,6.0,1320.0,2023,3
2,7.0,1125.2422360248447,2023,3
2,8.0,565.0,2023,3
2,9.0,1320.0,2023,3
2,10.0,1548.590909090909,2023,3
2,11.0,1116.2307692307693,2023,3
2,12.0,2261.985507246377,2023,3
2,13.0,5438.4,2023,3
2,14.0,5300.0,2023,3
3,3.0,,2023,3
3,4.0,300.0,2023,3
3,5.0,,2023,3
3,6.0,,2023,3
3,7.0,1043.75,2023,3
3,10.0,1241.2222222222222,2023,3
3,12.0,3724.0,2023,3
3,13.0,1320.0,2023,3
4,1.0,,2023,3
4,2.0,635.7142857142857,2023,3
4,3.0,1303.5,2023,3
4,4.0,800.0,2023,3
4,5.0,897.8910891089109,2023,3
4,6.0,957.7777777777778,2023,3
4,7.0,1140.4409523809525,2023,3
4,8.0,1228.695652173913,2023,3
4,9.0,1173.3333333333333,2023,3
4,10.0,1493.80111653873,2023,3
4,11.0,1091.875,2023,3
4,12.0,3241.251870324189,2023,3
4,13.0,4974.168141592921,2023,3
4,14.0,8704.285714285714,2023,3
4,15.0,7166.666666666667,2023,3
5,3.0,,2023,3
5,4.0,,2023,3
5,5.0,,2023,3
5,6.0,,2023,3
5,7.0,812.8571428571429,2023,3
5,8.0,1320.0,2023,3
5,9.0,2500.0,2023,3
5,10.0,1245.2941176470588,2023,3
5,11.0,,2023,3
5,12.0,400.0,2023,3
5,13.0,3200.0,2023,3
9,7.0,,2023,3
9,12.0,1320.0,2023,3
9,14.0,2500.0,2023,3
1,2.0,650.0,2023,4
1,3.0,1014.5454545454544,2023,4
1,4.0,1260.0,2023,4
1,5.0,1393.3333333333333,2023,4
1,6.0,866.6666666666666,2023,4
1,7.0,1241.9828326180257,2023,4
1,8.0,1135.0,2023,4
1,9.0,2136.923076923077,2023,4
1,10.0,1728.0195599022004,2023,4
1,11.0,1516.111111111111,2023,4
1,12.0,4002.622549019608,2023,4
1,13.0,7673.316666666667,2023,4
1,14.0,8871.791666666666,2023,4
1,15.0,4603.333333333333,2023,4
2,2.0,1320.0,2023,4
2,3.0,1062.5,2023,4
2,4.0,550.0,2023,4
2,5.0,857.0588235294117,2023,4
2,6.0,,2023,4
2,7.0,1042.3979591836735,2023,4
2,8.0,878.8888888888889,2023,4
2,9.0,1450.0,2023,4
2,10.0,1476.250909090909,2023,4
2,11.0,1042.7,2023,4
2,12.0,2552.923076923077,2023,4
2,13.0,7038.181818181818,2023,4
2,14.0,4400.0,2023,4
3,3.0,135.0,2023,4
3,4.0,,2023,4
3,5.0,500.0,2023,4
3,7.0,918.0,2023,4
3,10.0,1411.6666666666667,2023,4
3,12.0,3482.8571428571427,2023,4
3,13.0,2250.0,2023,4
3,15.0,8500.0,2023,4
4,2.0,906.5,2023,4
4,3.0,619.5833333333334,2023,4
4,4.0,745.7142857142857,2023,4
4,5.0,965.5148514851484,2023,4
4,6.0,931.6666666666666,2023,4
4,7.0,1222.8041627246926,2023,4
4,8.0,1249.1666666666667,2023,4
4,9.0,1927.142857142857,2023,4
4,10.0,1553.039283252929,2023,4
4,11.0,1184.2857142857142,2023,4
4,12.0,2979.5476190476197,2023,4
4,13.0,5374.666666666667,2023,4
4,14.0,5240.0,2023,4
4,15.0,8520.0,2023,4
5,3.0,,2023,4
5,4.0,,2023,4
5,5.0,400.0,2023,4
5,6.0,,2023,4
5,7.0,1022.4444444444443,2023,4
5,9.0,2500.0,2023,4
5,10.0,1294.6666666666667,2023,4
5,11.0,,2023,4
5,12.0,2080.0,2023,4
5,13.0,4600.0,2023,4
5,14.0,1000.0,2023,4
9,12.0,1360.0,2023,4
1,2.0,500.0,2024,1
1,3.0,1041.4444444444443,2024,1
1,5.0,1432.3636363636365,2024,1
1,6.0,800.0,2024,1
1,7.0,1237.1289682539682,2024,1
1,8.0,1248.0,2024,1
1,9.0,2938.0,2024,1
1,10.0,1817.996363636364,2024,1
1,11.0,1375.0526315789473,2024,1
1,12.0,4075.977832512315,2024,1
1,13.0,7725.116279069767,2024,1
1,14.0,8037.4,2024,1
1,15.0,7558.909090909091,2024,1
2,2.0,1412.0,2024,1
2,3.0,652.8571428571429,2024,1
2,5.0,1141.2173913043478,2024,1
2,6.0,500.0,2024,1
2,7.0,1133.3725490196075,2024,1
2,8.0,1114.5,2024,1
2,9.0,,2024,1
2,10.0,1514.023569023569,2024,1
2,11.0,916.5,2024,1
2,12.0,3015.9117647058824,2024,1
2,13.0,4105.909090909091,2024,1
2,14.0,4593.166666666667,2024,1
2,15.0,2500.0,2024,1
3,3.0,100.0,2024,1
3,5.0,,2024,1
3,7.0,3654.4,2024,1
3,10.0,1494.076923076923,2024,1
3,11.0,,2024,1
3,12.0,2793.75,2024,1
3,13.0,2533.333333333333,2024,1
3,15.0,8000.0,2024,1
4,1.0,,2024,1
4,2.0,805.2,2024,1
4,3.0,664.3636363636364,2024,1
4,5.0,924.4036697247708,2024,1
4,6.0,1420.0,2024,1
4,7.0,1112.7520737327188,2024,1
4,8.0,1141.851851851852,2024,1
4,9.0,1127.0,2024,1
4,10.0,1554.7566489361702,2024,1
4,11.0,1479.8260869565215,2024,1
4,12.0,3014.8222748815165,2024,1
4,13.0,4967.413223140496,2024,1
4,14.0,6635.714285714285,2024,1
4,15.0,8050.0,2024,1
5,3.0,,2024,1
5,5.0,780.0,2024,1
5,6.0,,2024,1
5,7.0,1254.5,2024,1
5,9.0,2500.0,2024,1
5,10.0,1704.3636363636365,2024,1
5,11.0,,2024,1
5,12.0,1760.5,2024,1
5,13.0,4000.0,2024,1
1,2.0,500.0,2024,2
1,3.0,773.3846153846154,2024,2
1,5.0,1027.7560975609756,2024,2
1,6.0,1882.0,2024,2
1,7.0,1208.571428571429,2024,2
1,8.0,1273.0,2024,2
1,9.0,2723.333333333333,2024,2
1,10.0,1817.035,2024,2
1,11.0,1546.0,2024,2
1,12.0,4705.946511627907,2024,2
1,13.0,8078.163120567376,2024,2
1,14.0,8870.44,2024,2
1,15.0,11394.8,2024,2
2,2.0,1000.0,2024,2
2,3.0,507.0,2024,2
2,5.0,1108.952380952381,2024,2
2,6.0,1095.0,2024,2
2,7.0,1047.153110047847,2024,2
2,8.0,800.0,2024,2
2,9.0,2800.0,2024,2
2,10.0,1587.093567251462,2024,2
2,11.0,1379.8,2024,2
2,12.0,3540.6266666666666,2024,2
2,13.0,5597.894736842105,2024,2
2,14.0,5626.5,2024,2
2,15.0,2400.0,2024,2
3,3.0,200.0,2024,2
3,5.0,200.0,2024,2
3,7.0,3232.0,2024,2
3,10.0,1497.875,2024,2
3,11.0,,2024,2
3,12.0,2780.2,2024,2
3,13.0,2566.6666666666665,2024,2
3,15.0,10000.0,2024,2
4,2.0,804.0,2024,2
4,3.0,628.08,2024,2
4,5.0,1013.0961538461538,2024,2
4,6.0,1446.75,2024,2
4,7.0,1112.5972972972972,2024,2
4,8.0,887.2631578947369,2024,2
4,9.0,1319.0,2024,2
4,10.0,1619.7116368286445,2024,2
4,11.0,1280.2978723404256,2024,2
4,12.0,3295.043280182232,2024,2
4,13.0,5550.533333333334,2024,2
4,14.0,10533.333333333334,2024,2
4,15.0,11200.0,2024,2
5,3.0,,2024,2
5,5.0,,2024,2
5,7.0,1201.6,2024,2
5,8.0,700.0,2024,2
5,9.0,2800.0,2024,2
5,10.0,2493.785714285714,2024,2
5,11.0,,2024,2
5,12.0,2241.6,2024,2
5,13.0,3875.0,2024,2
5,14.0,1000.0,2024,2
1,2.0,300.0,2024,3
1,3.0,987.0,2024,3
1,5.0,1104.1020408163265,2024,3
1,6.0,2100.0,2024,3
1,7.0,1237.6492248062016,2024,3
1,8.0,1137.3333333333333,2024,3
1,9.0,3024.8888888888887,2024,3
1,10.0,1737.2361809045226,2024,3
1,11.0,1710.5,2024,3
1,12.0,4402.654228855721,2024,3
1,13.0,8121.56329113924,2024,3
1,14.0,9533.827586206897,2024,3
1,15.0,11321.6,2024,3
2,2.0,787.3333333333334,2024,3
2,3.0,576.5,2024,3
2,5.0,921.4545454545456,2024,3
2,6.0,533.3333333333334,2024,3
2,7.0,1069.4863636363636,2024,3
2,8.0,566.6666666666666,2024,3
2,9.0,2400.0,2024,3
2,10.0,1542.8167701863354,2024,3
2,11.0,1045.5,2024,3
2,12.0,3169.887755102041,2024,3
2,13.0,6179.529411764706,2024,3
2,14.0,6204.0,2024,3
3,5.0,,2024,3
3,7.0,515.0,2024,3
3,9.0,,2024,3
3,10.0,1997.4285714285716,2024,3
3,12.0,2333.0,2024,3
3,13.0,2566.6666666666665,2024,3
3,15.0,13266.0,2024,3
4,1.0,,2024,3
4,2.0,427.1428571428572,2024,3
4,3.0,757.2173913043479,2024,3
4,5.0,1064.267857142857,2024,3
4,6.0,1700.0,2024,3
4,7.0,1111.5183917878528,2024,3
4,8.0,962.0,2024,3
4,9.0,2114.285714285714,2024,3
4,10.0,1691.8164435946462,2024,3
4,11.0,1387.3333333333333,2024,3
4,12.0,3497.148936170213,2024,3
4,13.0,5076.414814814815,2024,3
4,14.0,13704.444444444443,2024,3
4,15.0,13250.0,2024,3
5,3.0,,2024,3
5,5.0,400.0,2024,3
5,7.0,1349.8,2024,3
5,8.0,800.0,2024,3
5,9.0,2500.0,2024,3
5,10.0,2012.9285714285716,2024,3
5,11.0,,2024,3
5,12.0,2279.2,2024,3
5,13.0,2950.0,2024,3
5,14.0,1200.0,2024,3
1,1.0,,2024,4
1,2.0,320.0,2024,4
1,3.0,941.6363636363636,2024,4
1,5.0,1664.46875,2024,4
1,6.0,1597.5,2024,4
1,7.0,1173.0091743119267,2024,4
1,8.0,1140.5,2024,4
1,9.0,5052.5,2024,4
1,10.0,1772.1194581280788,2024,4
1,11.0,1666.6666666666667,2024,4
1,12.0,5901.1927437641725,2024,4
1,13.0,8078.300613496933,2024,4
1,14.0,9306.896551724138,2024,4
1,15.0,11640.8,2024,4
2,2.0,1412.0,2024,4
2,3.0,468.75,2024,4
2,5.0,673.6666666666666,2024,4
2,6.0,1537.3333333333333,2024,4
2,7.0,1160.8354978354978,2024,4
2,8.0,920.3333333333334,2024,4
2,9.0,1412.0,2024,4
2,10.0,1636.4581005586592,2024,4
2,11.0,810.0,2024,4
2,12.0,3656.3645833333335,2024,4
2,13.0,7531.789473684211,2024,4
2,14.0,5250.0,2024,4
2,15.0,10000.0,2024,4
3,3.0,800.0,2024,4
3,7.0,543.0,2024,4
3,8.0,,2024,4
3,10.0,2565.3571428571427,2024,4
3,12.0,2350.0,2024,4
4,2.0,1366.6666666666667,2024,4
4,3.0,764.53125,2024,4
4,5.0,902.3333333333334,2024,4
4,6.0,1382.4,2024,4
4,7.0,1155.893103448276,2024,4
4,8.0,961.904761904762,2024,4
4,9.0,4113.692307692308,2024,4
4,10.0,1651.2801242236026,2024,4
4,11.0,999.5172413793103,2024,4
4,12.0,3554.511261261261,2024,4
4,13.0,5700.756578947368,2024,4
4,14.0,5696.631578947368,2024,4
4,15.0,8050.0,2024,4
5,2.0,,2024,4
5,3.0,,2024,4
5,5.0,,2024,4
5,6.0,,2024,4
5,7.0,967.3333333333334,2024,4
5,8.0,3000.0,2024,4
5,9.0,,2024,4
5,10.0,1426.952380952381,2024,4
5,11.0,800.0,2024,4
5,12.0,2552.0,2024,4
5,13.0,3300.0,2024,4
5,15.0,700.0,2024,4
9,14.0,800.0,2024,4
1,2.0,,2025,1
1,3.0,1403.6,2025,1
1,5.0,1312.2051282051282,2025,1
1,6.0,963.3333333333334,2025,1
1,7.0,1282.195744680851,2025,1
1,8.0,935.578947368421,2025,1
1,9.0,2402.0,2025,1
1,10.0,1889.231692677071,2025,1
1,11.0,1518.842105263158,2025,1
1,12.0,5389.24944812362,2025,1
1,13.0,8289.697142857143,2025,1
1,14.0,10026.470588235294,2025,1
1,15.0,12093.333333333334,2025,1
2,2.0,300.0,2025,1
2,3.0,1550.0,2025,1
2,5.0,1883.8,2025,1
2,6.0,400.0,2025,1
2,7.0,1189.0326086956522,2025,1
2,8.0,856.0,2025,1
2,9.0,2400.0,2025,1
2,10.0,1702.943217665615,2025,1
2,11.0,1386.7272727272727,2025,1
2,12.0,3413.589743589744,2025,1
2,13.0,9479.058823529413,2025,1
2,14.0,5333.333333333333,2025,1
3,3.0,,2025,1
3,5.0,,2025,1
3,7.0,1125.0,2025,1
3,8.0,1412.0,2025,1
3,10.0,2617.777777777778,2025,1
3,11.0,,2025,1
3,12.0,2500.0,2025,1
4,2.0,1610.0,2025,1
4,3.0,708.3636363636364,2025,1
4,5.0,1034.4,2025,1
4,6.0,1495.3333333333333,2025,1
4,7.0,1219.4039675383228,2025,1
4,8.0,944.6206896551724,2025,1
4,9.0,3300.625,2025,1
4,10.0,1757.3616874135546,2025,1
4,11.0,1402.3684210526317,2025,1
4,12.0,3916.868613138686,2025,1
4,13.0,5290.183823529412,2025,1
4,14.0,9327.0,2025,1
4,15.0,10200.0,2025,1
5,2.0,,2025,1
5,3.0,,2025,1
5,5.0,,2025,1
5,6.0,,2025,1
5,7.0,1575.75,2025,1
5,8.0,150.0,2025,1
5,9.0,,2025,1
5,10.0,1500.7142857142858,2025,1
5,11.0,300.0,2025,1
5,12.0,3175.0,2025,1
5,13.0,5759.0,2025,1
5,15.0,12000.0,2025,1
9,10.0,1500.0,2025,1
1,2.0,1769.3333333333333,2025,2
1,3.0,740.0,2025,2
1,5.0,1159.0,2025,2
1,6.0,2538.6,2025,2
1,7.0,1317.8932461873635,2025,2
1,8.0,1008.4,2025,2
1,9.0,2879.5,2025,2
1,10.0,1835.2444168734487,2025,2
1,11.0,1425.6,2025,2
1,12.0,5532.440251572327,2025,2
1,13.0,8357.54,2025,2
1,14.0,9741.076923076924,2025,2
1,15.0,10970.588235294115,2025,2
2,2.0,,2025,2
2,3.0,1265.6666666666667,2025,2
2,5.0,952.8,2025,2
2,6.0,675.0,2025,2
2,7.0,1266.4051282051282,2025,2
2,8.0,712.0,2025,2
2,9.0,800.0,2025,2
2,10.0,1658.9837133550488,2025,2
2,11.0,1602.888888888889,2025,2
2,12.0,4610.0875,2025,2
2,13.0,6083.705882352941,2025,2
2,14.0,4766.666666666667,2025,2
2,15.0,8000.0,2025,2
3,5.0,300.0,2025,2
3,7.0,750.0,2025,2
3,10.0,21985.6,2025,2
3,12.0,,2025,2
3,13.0,2000.0,2025,2
4,2.0,2160.0,2025,2
4,3.0,1025.0,2025,2
4,5.0,1220.1518987341772,2025,2
4,6.0,1030.142857142857,2025,2
4,7.0,1226.674168297456,2025,2
4,8.0,1095.0,2025,2
4,9.0,2540.0,2025,2
4,10.0,1663.9579776756402,2025,2
4,11.0,1294.5,2025,2
4,12.0,3998.869955156951,2025,2
4,13.0,5410.420634920635,2025,2
4,14.0,7837.0,2025,2
4,15.0,12257.142857142857,2025,2
5,2.0,,2025,2
5,3.0,,2025,2
5,5.0,,2025,2
5,6.0,,2025,2
5,7.0,1380.25,2025,2
5,8.0,1518.0,2025,2
5,10.0,1303.0,2025,2
5,11.0,350.0,2025,2
5,12.0,3755.0,2025,2
5,14.0,1518.0,2025,2
5,15.0,12000.0,2025,2
1,2.0,750.0,2025,3
1,3.0,567.8571428571429,2025,3
1,5.0,921.7105263157896,2025,3
1,6.0,1472.6666666666667,2025,3
1,7.0,1376.2212189616253,2025,3
1,8.0,1021.2631578947368,2025,3
1,9.0,4345.333333333333,2025,3
1,10.0,2051.486956521739,2025,3
1,11.0,2085.6451612903224,2025,3
1,12.0,4886.364583333333,2025,3
1,13.0,8072.565420560748,2025,3
1,14.0,10650.0,2025,3
1,15.0,11698.181818181818,2025,3
2,2.0,,2025,3
2,3.0,850.3636363636364,2025,3
2,5.0,548.5,2025,3
2,6.0,500.0,2025,3
2,7.0,1200.7700534759358,2025,3
2,8.0,708.3333333333334,2025,3
2,9.0,1500.0,2025,3
2,10.0,1784.042345276873,2025,3
2,11.0,1345.3846153846157,2025,3
2,12.0,3459.089743589744,2025,3
2,13.0,6166.857142857143,2025,3
2,14.0,3150.0,2025,3
2,15.0,6759.0,2025,3
3,5.0,150.0,2025,3
3,6.0,,2025,3
3,7.0,1054.5,2025,3
3,10.0,2006.6666666666667,2025,3
3,12.0,2009.0,2025,3
3,13.0,5650.0,2025,3
4,2.0,,2025,3
4,3.0,762.7777777777778,2025,3
4,5.0,1516.8714285714286,2025,3
4,6.0,1925.0,2025,3
4,7.0,1182.9255319148936,2025,3
4,8.0,1120.3902439024391,2025,3
4,9.0,2007.2,2025,3
4,10.0,1710.6160310277958,2025,3
4,11.0,1311.6666666666667,2025,3
4,12.0,4076.272511848341,2025,3
4,13.0,5722.666666666667,2025,3
4,14.0,8150.65,2025,3
4,15.0,14500.0,2025,3
5,3.0,1300.0,2025,3
5,5.0,,2025,3
5,7.0,1100.6666666666667,2025,3
5,8.0,,2025,3
5,10.0,2722.9,2025,3
5,11.0,650.0,2025,3
5,12.0,1988.5,2025,3
5,13.0,1518.0,2025,3
5,14.0,1518.0,2025,3
5,15.0,10000.0,2025,3
1,2.0,,2025,4
1,3.0,1898.2666666666669,2025,4
1,5.0,1236.4666666666667,2025,4
1,6.0,1520.0,2025,4
1,7.0,1313.1318181818183,2025,4
1,8.0,980.4285714285714,2025,4
1,9.0,1450.0,2025,4
1,10.0,2138.312736443884,2025,4
1,11.0,3613.72,2025,4
1,12.0,5615.5546875,2025,4
1,13.0,8176.139442231076,2025,4
1,14.0,8897.142857142857,2025,4
1,15.0,9091.59090909091,2025,4
2,2.0,,2025,4
2,3.0,775.25,2025,4
2,5.0,752.1176470588235,2025,4
2,6.0,150.0,2025,4
2,7.0,1266.0932642487046,2025,4
2,8.0,613.6,2025,4
2,9.0,553.3333333333334,2025,4
2,10.0,1798.25,2025,4
2,11.0,1381.0588235294117,2025,4
2,12.0,3578.512195121951,2025,4
2,13.0,6675.181818181818,2025,4
2,14.0,6000.0,2025,4
2,15.0,4400.0,2025,4
3,5.0,,2025,4
3,7.0,803.6,2025,4
3,10.0,1830.2222222222224,2025,4
3,12.0,1763.5,2025,4
4,2.0,1600.0,2025,4
4,3.0,814.5806451612904,2025,4
4,5.0,1190.860465116279,2025,4
4,6.0,1222.0,2025,4
4,7.0,1235.1563106796116,2025,4
4,8.0,1209.64,2025,4
4,9.0,4137.5,2025,4
4,10.0,1691.574074074074,2025,4
4,11.0,1655.6046511627908,2025,4
4,12.0,4405.220657276996,2025,4
4,13.0,6332.245901639344,2025,4
4,14.0,9649.75,2025,4
4,15.0,10660.0,2025,4
5,3.0,,2025,4
5,5.0,480.0,2025,4
5,6.0,,2025,4
5,7.0,1379.5,2025,4
5,8.0,,2025,4
5,10.0,1263.8,2025,4
5,11.0,1400.0,2025,4
5,12.0,1961.25,2025,4
5,13.0,6200.0,2025,4
5,14.0,2000.0,2025,4
5,15.0,10000.0,2025,4
