Idade,Renda_Media,Ano,Trimestre
0,,2019,1
1,,2019,1
2,,2019,1
3,,2019,1
4,,2019,1
5,,2019,1
6,,2019,1
7,,2019,1
8,,2019,1
9,,2019,1
10,,2019,1
11,,2019,1
12,,2019,1
13,,2019,1
14,286.6666666666667,2019,1
15,322.5,2019,1
16,267.8260869565217,2019,1
17,578.1111111111111,2019,1
18,520.3563218390805,2019,1
19,688.36,2019,1
20,740.9915966386554,2019,1
21,828.2635658914729,2019,1
22,882.9597315436241,2019,1
23,1048.1085714285714,2019,1
24,1103.780487804878,2019,1
25,926.0515463917526,2019,1
26,1084.0478723404256,2019,1
27,1195.9329268292684,2019,1
28,1331.6972972972974,2019,1
29,1401.340425531915,2019,1
30,1340.1397379912664,2019,1
31,1642.3093525179856,2019,1
32,1506.930875576037,2019,1
33,1540.151376146789,2019,1
34,1649.8333333333333,2019,1
35,1861.8597285067876,2019,1
36,1602.5569105691056,2019,1
37,1400.9712918660289,2019,1
38,1631.4458874458874,2019,1
39,1729.6315789473683,2019,1
40,1297.0972762645915,2019,1
41,1616.2666666666669,2019,1
42,1452.073394495413,2019,1
43,1667.639175257732,2019,1
44,2013.1076923076923,2019,1
45,1637.1635514018692,2019,1
46,1439.8977272727273,2019,1
47,2022.3283582089557,2019,1
48,1810.6338797814208,2019,1
49,1938.8967741935485,2019,1
50,1781.6352941176472,2019,1
51,1746.985294117647,2019,1
52,1687.4777070063694,2019,1
53,1572.391304347826,2019,1
54,1871.761194029851,2019,1
55,1694.475,2019,1
56,1325.138211382114,2019,1
57,1728.5,2019,1
58,1398.93,2019,1
59,1781.7671232876712,2019,1
60,1724.6823529411763,2019,1
61,1625.2698412698412,2019,1
62,1997.276595744681,2019,1
63,2099.014285714285,2019,1
64,1764.516129032258,2019,1
65,2022.5,2019,1
66,1298.576923076923,2019,1
67,3040.103448275862,2019,1
68,1655.5454545454545,2019,1
69,3499.8823529411766,2019,1
70,4488.833333333333,2019,1
71,5409.090909090909,2019,1
72,5453.571428571428,2019,1
73,1264.0,2019,1
74,1424.6666666666667,2019,1
75,1214.0,2019,1
76,5000.0,2019,1
77,588.5,2019,1
78,4399.666666666667,2019,1
79,175.0,2019,1
80,1350.0,2019,1
81,2966.6666666666665,2019,1
82,,2019,1
83,,2019,1
84,,2019,1
85,,2019,1
86,,2019,1
87,35.0,2019,1
88,,2019,1
89,83.0,2019,1
90,,2019,1
91,,2019,1
92,,2019,1
93,235.0,2019,1
94,,2019,1
95,,2019,1
96,,2019,1
97,,2019,1
99,,2019,1
100,,2019,1
101,,2019,1
102,,2019,1
103,,2019,1
113,,2019,1
0,,2019,2
1,,2019,2
2,,2019,2
3,,2019,2
4,,2019,2
5,,2019,2
6,,2019,2
7,,2019,2
8,,2019,2
9,,2019,2
10,,2019,2
11,,2019,2
12,,2019,2
13,,2019,2
14,252.5,2019,2
15,345.45454545454544,2019,2
16,361.4285714285714,2019,2
17,476.4390243902439,2019,2
18,492.97297297297297,2019,2
19,637.8454545454546,2019,2
20,815.1454545454545,2019,2
21,833.5098039215686,2019,2
22,849.8321167883212,2019,2
23,957.329479768786,2019,2
24,1046.807453416149,2019,2
25,1029.7912087912089,2019,2
26,1166.567901234568,2019,2
27,1345.1304347826087,2019,2
28,1199.167597765363,2019,2
29,1413.5681818181818,2019,2
30,1322.743801652893,2019,2
31,1288.830188679245,2019,2
32,1470.5592417061612,2019,2
33,1593.426605504587,2019,2
34,1512.9698492462312,2019,2
35,1643.2341463414634,2019,2
36,1368.8019323671497,2019,2
37,1702.9358974358977,2019,2
38,1684.2008547008547,2019,2
39,1786.2397660818713,2019,2
40,1378.8650793650793,2019,2
41,1994.628272251309,2019,2
42,1381.5172413793102,2019,2
43,1659.4635416666667,2019,2
44,1671.4117647058824,2019,2
45,1968.703125,2019,2
46,1596.8333333333333,2019,2
47,2511.0915492957747,2019,2
48,1665.0397350993378,2019,2
49,1796.4935897435898,2019,2
50,1901.9942857142855,2019,2
51,1805.6640625,2019,2
52,1763.35625,2019,2
53,1958.556390977444,2019,2
54,2030.4788732394368,2019,2
55,1940.27868852459,2019,2
56,1954.46,2019,2
57,1759.7605633802816,2019,2
58,1712.7157894736845,2019,2
59,1365.2025316455697,2019,2
60,2013.679012345679,2019,2
61,1604.7727272727273,2019,2
62,1942.659574468085,2019,2
63,2022.43137254902,2019,2
64,1977.9791666666667,2019,2
65,3406.121212121212,2019,2
66,2058.4615384615386,2019,2
67,1847.6521739130435,2019,2
68,2227.0,2019,2
69,2672.0,2019,2
70,4078.1739130434794,2019,2
71,1985.0,2019,2
72,4743.75,2019,2
73,2450.0,2019,2
74,658.3333333333334,2019,2
75,591.3333333333334,2019,2
76,100.0,2019,2
77,1038.3333333333333,2019,2
78,3142.5714285714284,2019,2
79,3610.0,2019,2
80,450.0,2019,2
81,1499.0,2019,2
82,2000.0,2019,2
83,,2019,2
84,,2019,2
85,150.0,2019,2
86,,2019,2
87,,2019,2
88,,2019,2
89,,2019,2
90,,2019,2
91,,2019,2
92,,2019,2
93,210.0,2019,2
94,,2019,2
95,,2019,2
96,,2019,2
97,,2019,2
98,,2019,2
99,,2019,2
100,,2019,2
101,,2019,2
102,,2019,2
104,,2019,2
0,,2019,3
1,,2019,3
2,,2019,3
3,,2019,3
4,,2019,3
5,,2019,3
6,,2019,3
7,,2019,3
8,,2019,3
9,,2019,3
10,,2019,3
11,,2019,3
12,,2019,3
13,,2019,3
14,,2019,3
15,287.5,2019,3
16,248.94736842105263,2019,3
17,469.7173913043478,2019,3
18,585.4264705882352,2019,3
19,618.7476635514018,2019,3
20,763.6695652173913,2019,3
21,845.2013888888889,2019,3
22,848.8992805755396,2019,3
23,900.48,2019,3
24,997.3375796178344,2019,3
25,1065.9615384615386,2019,3
26,1166.8197674418604,2019,3
27,1222.0641711229946,2019,3
28,1149.7413793103449,2019,3
29,1244.202247191011,2019,3
30,1314.9336283185842,2019,3
31,1322.6511627906978,2019,3
32,1361.2196261682243,2019,3
33,1441.2226890756303,2019,3
34,1539.0534759358288,2019,3
35,1680.1435643564355,2019,3
36,1600.1012658227849,2019,3
37,1649.2037037037037,2019,3
38,1853.5849056603772,2019,3
39,1775.659574468085,2019,3
40,1322.4343891402716,2019,3
41,1837.5172413793105,2019,3
42,1296.8527918781726,2019,3
43,1801.8853211009173,2019,3
44,1557.857142857143,2019,3
45,1793.612565445026,2019,3
46,1450.1627906976744,2019,3
47,2019.3485714285716,2019,3
48,1677.758865248227,2019,3
49,1981.8959537572252,2019,3
50,1899.0280898876404,2019,3
51,1647.7073170731708,2019,3
52,1622.489932885906,2019,3
53,1456.25,2019,3
54,1725.976377952756,2019,3
55,1835.5275590551184,2019,3
56,1562.116071428571,2019,3
57,1675.6973684210527,2019,3
58,1476.8333333333333,2019,3
59,1312.121951219512,2019,3
60,1842.9102564102564,2019,3
61,1360.7042253521126,2019,3
62,1833.9384615384613,2019,3
63,1872.4888888888888,2019,3
64,2497.672727272727,2019,3
65,2518.6153846153848,2019,3
66,1971.0833333333333,2019,3
67,2362.5185185185187,2019,3
68,3362.3703703703704,2019,3
69,1516.875,2019,3
70,5400.0,2019,3
71,2651.2727272727275,2019,3
72,4815.0,2019,3
73,1347.142857142857,2019,3
74,553.3333333333334,2019,3
75,300.0,2019,3
76,770.0,2019,3
77,350.0,2019,3
78,4066.0,2019,3
79,5435.0,2019,3
80,6083.333333333333,2019,3
81,,2019,3
82,600.0,2019,3
83,,2019,3
84,,2019,3
85,500.0,2019,3
86,,2019,3
87,,2019,3
88,,2019,3
89,,2019,3
90,,2019,3
91,,2019,3
92,,2019,3
93,300.0,2019,3
94,,2019,3
95,,2019,3
96,,2019,3
97,,2019,3
98,,2019,3
99,,2019,3
100,,2019,3
101,,2019,3
102,,2019,3
104,,2019,3
0,,2019,4
1,,2019,4
2,,2019,4
3,,2019,4
4,,2019,4
5,,2019,4
6,,2019,4
7,,2019,4
8,,2019,4
9,,2019,4
10,,2019,4
11,,2019,4
12,,2019,4
13,,2019,4
14,140.0,2019,4
15,270.8,2019,4
16,366.0,2019,4
17,443.3555555555556,2019,4
18,572.7647058823529,2019,4
19,669.4444444444445,2019,4
20,700.9655172413793,2019,4
21,842.8027210884354,2019,4
22,872.7310344827587,2019,4
23,992.0755813953488,2019,4
24,874.8719512195122,2019,4
25,1168.6477987421383,2019,4
26,1099.7527472527472,2019,4
27,1262.4108108108107,2019,4
28,1201.4947916666667,2019,4
29,1147.1411042944785,2019,4
30,1221.2901554404143,2019,4
31,1278.122905027933,2019,4
32,1309.5885167464114,2019,4
33,1420.638497652582,2019,4
34,1403.8960396039604,2019,4
35,1502.6462264150944,2019,4
36,1550.3778801843318,2019,4
37,1538.872807017544,2019,4
38,1941.5330188679245,2019,4
39,1555.0248756218905,2019,4
40,1374.148148148148,2019,4
41,1670.6947368421052,2019,4
42,1620.2112676056338,2019,4
43,1550.9182692307693,2019,4
44,1778.32,2019,4
45,1518.3715846994537,2019,4
46,1544.9289940828403,2019,4
47,1950.3422459893047,2019,4
48,2031.0696202531649,2019,4
49,1786.7151898734178,2019,4
50,1974.0494505494505,2019,4
51,1595.7083333333333,2019,4
52,1557.7888198757764,2019,4
53,1508.8129496402878,2019,4
54,2125.203125,2019,4
55,1667.3333333333333,2019,4
56,1821.1052631578948,2019,4
57,1802.5194805194808,2019,4
58,1531.2439024390244,2019,4
59,1731.5061728395062,2019,4
60,2100.625,2019,4
61,1201.4489795918366,2019,4
62,1670.092105263158,2019,4
63,1799.6486486486488,2019,4
64,1961.1304347826087,2019,4
65,5079.024390243902,2019,4
66,2390.3478260869565,2019,4
67,1849.5652173913045,2019,4
68,4883.785714285715,2019,4
69,2957.5,2019,4
70,1788.809523809524,2019,4
71,7474.75,2019,4
72,3778.8333333333335,2019,4
73,1881.0,2019,4
74,750.3846153846154,2019,4
75,1350.0,2019,4
76,966.0,2019,4
77,200.0,2019,4
78,1042.6,2019,4
79,4076.6666666666665,2019,4
80,4250.0,2019,4
81,,2019,4
82,350.0,2019,4
83,,2019,4
84,,2019,4
85,,2019,4
86,10000.0,2019,4
87,,2019,4
88,,2019,4
89,,2019,4
90,,2019,4
91,,2019,4
92,,2019,4
93,,2019,4
94,,2019,4
95,,2019,4
96,,2019,4
97,,2019,4
98,,2019,4
99,,2019,4
100,,2019,4
101,,2019,4
102,,2019,4
104,,2019,4
0,,2020,1
1,,2020,1
2,,2020,1
3,,2020,1
4,,2020,1
5,,2020,1
6,,2020,1
7,,2020,1
8,,2020,1
9,,2020,1
10,,2020,1
11,,2020,1
12,,2020,1
13,,2020,1
14,,2020,1
15,342.6,2020,1
16,363.3333333333333,2020,1
17,400.3666666666667,2020,1
18,637.4677419354839,2020,1
19,782.1333333333333,2020,1
20,795.8735632183908,2020,1
21,863.0336134453781,2020,1
22,853.5785123966942,2020,1
23,988.1549295774648,2020,1
24,1000.7744360902255,2020,1
25,1226.4274193548388,2020,1
26,1103.63687150838,2020,1
27,1144.1192052980132,2020,1
28,1295.9054054054054,2020,1
29,1362.5244755244755,2020,1
30,1137.3503184713377,2020,1
31,1357.2634730538923,2020,1
32,1320.7423312883436,2020,1
33,1551.4423076923076,2020,1
34,1589.7597765363128,2020,1
35,1437.2272727272727,2020,1
36,1785.132275132275,2020,1
37,1618.5323383084576,2020,1
38,2039.6333333333332,2020,1
39,1805.4491978609624,2020,1
40,1370.967213114754,2020,1
41,1631.1645569620252,2020,1
42,1606.4251497005987,2020,1
43,1589.1966292134832,2020,1
44,1989.775,2020,1
45,1795.9940828402366,2020,1
46,1682.054794520548,2020,1
47,1568.751592356688,2020,1
48,2160.810218978102,2020,1
49,1385.7413793103449,2020,1
50,2407.072463768116,2020,1
51,1693.5185185185185,2020,1
52,1587.7076923076922,2020,1
53,1457.1190476190477,2020,1
54,1810.59,2020,1
55,1929.051851851852,2020,1
56,2134.7978723404253,2020,1
57,1831.36231884058,2020,1
58,2111.333333333333,2020,1
59,1824.8072289156623,2020,1
60,2133.1803278688526,2020,1
61,1904.5,2020,1
62,1510.2333333333331,2020,1
63,2166.090909090909,2020,1
64,2501.609756097561,2020,1
65,2455.0243902439024,2020,1
66,3091.090909090909,2020,1
67,1883.9583333333333,2020,1
68,2774.137931034483,2020,1
69,3846.3333333333335,2020,1
70,2111.346153846154,2020,1
71,5803.125,2020,1
72,1250.6666666666667,2020,1
73,2007.2727272727277,2020,1
74,615.75,2020,1
75,1229.6,2020,1
76,,2020,1
77,1500.0,2020,1
78,200.0,2020,1
79,2399.1666666666665,2020,1
80,4666.666666666667,2020,1
81,,2020,1
82,100.0,2020,1
83,150.0,2020,1
84,,2020,1
85,,2020,1
86,,2020,1
87,,2020,1
88,,2020,1
89,,2020,1
90,,2020,1
91,,2020,1
92,,2020,1
93,,2020,1
94,,2020,1
95,,2020,1
96,,2020,1
97,,2020,1
98,,2020,1
99,,2020,1
100,,2020,1
101,,2020,1
102,,2020,1
104,,2020,1
0,,2020,2
1,,2020,2
2,,2020,2
3,,2020,2
4,,2020,2
5,,2020,2
6,,2020,2
7,,2020,2
8,,2020,2
9,,2020,2
10,,2020,2
11,,2020,2
12,,2020,2
13,,2020,2
14,,2020,2
15,400.0,2020,2
16,604.4444444444445,2020,2
17,428.3333333333333,2020,2
18,655.9310344827586,2020,2
19,744.0508474576271,2020,2
20,832.36,2020,2
21,890.2588235294118,2020,2
22,830.2207792207793,2020,2
23,959.7244897959184,2020,2
24,1155.878048780488,2020,2
25,1450.2631578947369,2020,2
26,1316.4913793103449,2020,2
27,1077.977777777778,2020,2
28,1406.4563106796118,2020,2
29,1248.6315789473683,2020,2
30,1385.290909090909,2020,2
31,1352.16,2020,2
32,1406.4132231404958,2020,2
33,1730.9083969465648,2020,2
34,1570.993103448276,2020,2
35,1676.126984126984,2020,2
36,1729.9837398373984,2020,2
37,1662.264705882353,2020,2
38,1993.1782945736436,2020,2
39,1842.7583333333332,2020,2
40,1675.677966101695,2020,2
41,1608.504,2020,2
42,1757.094827586207,2020,2
43,1498.743801652893,2020,2
44,2025.0686274509803,2020,2
45,1575.275,2020,2
46,1693.0970873786407,2020,2
47,1746.1101694915253,2020,2
48,1981.1979166666667,2020,2
49,1847.8222222222223,2020,2
50,2521.0,2020,2
51,1870.295918367347,2020,2
52,1888.7349397590365,2020,2
53,2033.4074074074076,2020,2
54,2001.8552631578948,2020,2
55,1695.3176470588237,2020,2
56,2289.065789473684,2020,2
57,1831.9803921568628,2020,2
58,2310.895833333333,2020,2
59,2671.677966101695,2020,2
60,2573.6,2020,2
61,2452.46875,2020,2
62,1488.3846153846157,2020,2
63,1764.5,2020,2
64,2373.103448275862,2020,2
65,2313.730769230769,2020,2
66,4402.272727272727,2020,2
67,2663.076923076923,2020,2
68,2311.764705882353,2020,2
69,3786.3333333333335,2020,2
70,1794.4736842105262,2020,2
71,2325.0,2020,2
72,1435.0,2020,2
73,4825.0,2020,2
74,1093.125,2020,2
75,1683.3333333333333,2020,2
76,,2020,2
77,3000.0,2020,2
78,,2020,2
79,5100.0,2020,2
80,1000.0,2020,2
81,10000.0,2020,2
82,100.0,2020,2
83,300.0,2020,2
84,,2020,2
85,,2020,2
86,,2020,2
87,,2020,2
88,,2020,2
89,,2020,2
90,,2020,2
91,,2020,2
92,,2020,2
93,,2020,2
94,,2020,2
95,,2020,2
96,,2020,2
97,,2020,2
98,,2020,2
99,,2020,2
100,,2020,2
101,,2020,2
0,,2020,3
1,,2020,3
2,,2020,3
3,,2020,3
4,,2020,3
5,,2020,3
6,,2020,3
7,,2020,3
8,,2020,3
9,,2020,3
10,,2020,3
11,,2020,3
12,,2020,3
13,,2020,3
14,90.0,2020,3
15,,2020,3
16,466.5,2020,3
17,389.1666666666667,2020,3
18,624.8857142857142,2020,3
19,676.3103448275862,2020,3
20,744.1355932203389,2020,3
21,999.7236842105264,2020,3
22,876.746835443038,2020,3
23,1251.6704545454545,2020,3
24,1094.8539325842696,2020,3
25,1425.202247191011,2020,3
26,1418.4479166666667,2020,3
27,1152.2857142857142,2020,3
28,1321.55,2020,3
29,1366.6774193548388,2020,3
30,1478.6057692307693,2020,3
31,1239.1834862385322,2020,3
32,1307.767857142857,2020,3
33,1477.5384615384614,2020,3
34,1747.8137931034482,2020,3
35,1584.883211678832,2020,3
36,2143.231578947368,2020,3
37,1747.4045801526718,2020,3
38,1893.5967741935483,2020,3
39,2434.8189655172414,2020,3
40,1483.7916666666667,2020,3
41,1589.4272727272728,2020,3
42,1311.1186440677966,2020,3
43,1352.03738317757,2020,3
44,2006.1891891891887,2020,3
45,1771.1056910569105,2020,3
46,2319.3711340206187,2020,3
47,1756.383928571429,2020,3
48,1840.5882352941176,2020,3
49,1899.9213483146068,2020,3
50,2033.055555555556,2020,3
51,2231.151162790697,2020,3
52,2120.2727272727275,2020,3
53,1667.0776699029127,2020,3
54,2171.883116883117,2020,3
55,1740.3921568627452,2020,3
56,1783.7191011235957,2020,3
57,2360.890625,2020,3
58,2044.4186046511627,2020,3
59,1926.7391304347825,2020,3
60,2098.679245283018,2020,3
61,2964.4333333333334,2020,3
62,1750.8,2020,3
63,1838.08,2020,3
64,1864.8695652173917,2020,3
65,3589.75,2020,3
66,4661.428571428572,2020,3
67,3170.4166666666665,2020,3
68,1573.235294117647,2020,3
69,2440.0,2020,3
70,3017.8571428571427,2020,3
71,4435.714285714285,2020,3
72,1348.3333333333333,2020,3
73,4300.0,2020,3
74,2770.714285714286,2020,3
75,1523.75,2020,3
76,,2020,3
77,,2020,3
78,200.0,2020,3
79,,2020,3
80,600.0,2020,3
81,3483.333333333333,2020,3
82,,2020,3
83,150.0,2020,3
84,,2020,3
85,,2020,3
86,,2020,3
87,,2020,3
88,,2020,3
89,,2020,3
90,,2020,3
91,,2020,3
92,,2020,3
93,,2020,3
94,,2020,3
95,,2020,3
96,,2020,3
97,,2020,3
98,,2020,3
99,,2020,3
100,,2020,3
101,,2020,3
106,,2020,3
0,,2020,4
1,,2020,4
2,,2020,4
3,,2020,4
4,,2020,4
5,,2020,4
6,,2020,4
7,,2020,4
8,,2020,4
9,,2020,4
10,,2020,4
11,,2020,4
12,,2020,4
13,,2020,4
14,90.0,2020,4
15,400.0,2020,4
16,566.4285714285714,2020,4
17,603.8,2020,4
18,634.1282051282051,2020,4
19,686.8181818181819,2020,4
20,811.5294117647059,2020,4
21,981.6,2020,4
22,923.154761904762,2020,4
23,996.0388349514564,2020,4
24,1088.287356321839,2020,4
25,1170.1354166666667,2020,4
26,1650.4835164835165,2020,4
27,1353.6792452830189,2020,4
28,1186.0,2020,4
29,1409.9908256880733,2020,4
30,1353.0243902439024,2020,4
31,1299.4521739130437,2020,4
32,1262.1929824561405,2020,4
33,1430.3119266055046,2020,4
34,1917.146551724138,2020,4
35,1407.2545454545457,2020,4
36,1771.036036036036,2020,4
37,1561.2058823529412,2020,4
38,1395.3432835820895,2020,4
39,2147.0,2020,4
40,2167.2421875,2020,4
41,1578.0530973451328,2020,4
42,1567.406015037594,2020,4
43,1615.592,2020,4
44,1498.957627118644,2020,4
45,1783.3082706766918,2020,4
46,1894.2429906542056,2020,4
47,1989.809523809524,2020,4
48,1559.6272727272728,2020,4
49,1957.790909090909,2020,4
50,1483.529411764706,2020,4
51,2185.890410958904,2020,4
52,2064.8979591836733,2020,4
53,1661.2708333333333,2020,4
54,2050.7294117647057,2020,4
55,1901.1486486486488,2020,4
56,1702.148148148148,2020,4
57,2229.546875,2020,4
58,2733.203703703704,2020,4
59,2372.234042553192,2020,4
60,2039.157894736842,2020,4
61,2649.3714285714286,2020,4
62,4604.0,2020,4
63,1489.84375,2020,4
64,3579.75,2020,4
65,1913.5263157894735,2020,4
66,5079.923076923077,2020,4
67,1865.1052631578948,2020,4
68,1625.0,2020,4
69,1186.25,2020,4
70,3614.285714285714,2020,4
71,3591.6666666666665,2020,4
72,1088.0,2020,4
73,2950.0,2020,4
74,6112.5,2020,4
75,1165.0,2020,4
76,,2020,4
77,1000.0,2020,4
78,200.0,2020,4
79,200.0,2020,4
80,800.0,2020,4
81,300.0,2020,4
82,200.0,2020,4
83,200.0,2020,4
84,,2020,4
85,,2020,4
86,,2020,4
87,,2020,4
88,,2020,4
89,,2020,4
90,,2020,4
91,,2020,4
92,,2020,4
93,,2020,4
94,,2020,4
95,,2020,4
96,,2020,4
97,,2020,4
98,,2020,4
99,,2020,4
100,,2020,4
106,,2020,4
0,,2021,1
1,,2021,1
2,,2021,1
3,,2021,1
4,,2021,1
5,,2021,1
6,,2021,1
7,,2021,1
8,,2021,1
9,,2021,1
10,,2021,1
11,,2021,1
12,,2021,1
13,,2021,1
14,396.6666666666667,2021,1
15,516.6666666666666,2021,1
16,465.625,2021,1
17,472.1333333333333,2021,1
18,557.1875,2021,1
19,705.5,2021,1
20,792.9113924050633,2021,1
21,1031.8695652173913,2021,1
22,991.8852459016392,2021,1
23,979.6153846153846,2021,1
24,1083.6705882352942,2021,1
25,1228.5631067961165,2021,1
26,1548.2967032967033,2021,1
27,1348.063829787234,2021,1
28,1529.8857142857144,2021,1
29,1247.712765957447,2021,1
30,1611.8818181818183,2021,1
31,1448.3482142857142,2021,1
32,1387.6486486486488,2021,1
33,1623.549019607843,2021,1
34,1709.7610619469026,2021,1
35,1539.25,2021,1
36,1673.2260869565218,2021,1
37,1488.9338235294117,2021,1
38,1748.0787401574803,2021,1
39,1926.0384615384612,2021,1
40,2206.412162162162,2021,1
41,1500.754716981132,2021,1
42,1592.6666666666667,2021,1
43,1672.695652173913,2021,1
44,2030.330357142857,2021,1
45,1528.219696969697,2021,1
46,1899.3980582524275,2021,1
47,2618.3783783783783,2021,1
48,1651.235294117647,2021,1
49,1857.5833333333333,2021,1
50,1929.9782608695648,2021,1
51,1828.6052631578948,2021,1
52,2188.3695652173915,2021,1
53,2026.010526315789,2021,1
54,1984.79797979798,2021,1
55,1818.2278481012656,2021,1
56,1756.6923076923076,2021,1
57,2416.560606060606,2021,1
58,2817.410714285714,2021,1
59,1992.840909090909,2021,1
60,1328.7755102040817,2021,1
61,2442.121212121212,2021,1
62,4111.710526315789,2021,1
63,2030.8,2021,1
64,3983.055555555556,2021,1
65,2004.5,2021,1
66,3579.333333333333,2021,1
67,1945.4761904761904,2021,1
68,1913.8235294117649,2021,1
69,1055.5882352941176,2021,1
70,1783.3333333333333,2021,1
71,4360.0,2021,1
72,974.1666666666666,2021,1
73,3700.0,2021,1
74,5233.333333333333,2021,1
75,4000.0,2021,1
76,1050.0,2021,1
77,,2021,1
78,1000.0,2021,1
79,200.0,2021,1
80,1550.0,2021,1
81,1233.3333333333333,2021,1
82,1200.0,2021,1
83,,2021,1
84,,2021,1
85,,2021,1
86,,2021,1
87,,2021,1
88,,2021,1
89,,2021,1
90,,2021,1
91,,2021,1
92,,2021,1
93,,2021,1
94,,2021,1
95,,2021,1
96,,2021,1
97,,2021,1
98,,2021,1
99,,2021,1
100,,2021,1
102,,2021,1
106,,2021,1
0,,2021,2
1,,2021,2
2,,2021,2
3,,2021,2
4,,2021,2
5,,2021,2
6,,2021,2
7,,2021,2
8,,2021,2
9,,2021,2
10,,2021,2
11,,2021,2
12,,2021,2
13,,2021,2
14,650.0,2021,2
15,413.3333333333333,2021,2
16,512.0,2021,2
17,490.0,2021,2
18,680.2702702702703,2021,2
19,876.5964912280701,2021,2
20,751.9753086419753,2021,2
21,965.2631578947368,2021,2
22,1021.875,2021,2
23,1098.1555555555556,2021,2
24,1166.2763157894738,2021,2
25,1132.6440677966102,2021,2
26,1206.340206185567,2021,2
27,1377.1855670103091,2021,2
28,1222.4222222222222,2021,2
29,1454.0526315789473,2021,2
30,1482.5980392156862,2021,2
31,1412.1842105263158,2021,2
32,1600.312,2021,2
33,1652.142857142857,2021,2
34,1596.1120689655172,2021,2
35,1503.1344537815123,2021,2
36,1552.389705882353,2021,2
37,1529.071428571429,2021,2
38,1598.0,2021,2
39,1710.111111111111,2021,2
40,2312.699346405229,2021,2
41,1841.2307692307693,2021,2
42,1831.7578125,2021,2
43,2494.4253731343283,2021,2
44,2346.818181818182,2021,2
45,1759.8676470588234,2021,2
46,1581.2254901960785,2021,2
47,2112.043478260869,2021,2
48,1810.2155172413795,2021,2
49,1367.1239669421489,2021,2
50,1999.4859813084115,2021,2
51,1266.2209302325582,2021,2
52,1631.1979166666667,2021,2
53,2150.135802469136,2021,2
54,2178.1132075471696,2021,2
55,1519.513888888889,2021,2
56,2389.8529411764707,2021,2
57,1697.6666666666667,2021,2
58,2331.694915254237,2021,2
59,3200.744680851064,2021,2
60,1548.1521739130435,2021,2
61,2237.906976744186,2021,2
62,4555.128205128205,2021,2
63,1781.4814814814815,2021,2
64,3832.521739130435,2021,2
65,2107.5,2021,2
66,4388.428571428572,2021,2
67,1355.8823529411766,2021,2
68,3053.076923076923,2021,2
69,1315.3846153846157,2021,2
70,1587.5,2021,2
71,7650.0,2021,2
72,740.0,2021,2
73,1100.0,2021,2
74,1513.3333333333333,2021,2
75,3000.0,2021,2
76,2200.0,2021,2
77,5000.0,2021,2
78,1000.0,2021,2
79,7000.0,2021,2
80,2300.0,2021,2
81,1300.0,2021,2
82,1150.0,2021,2
83,,2021,2
84,,2021,2
85,,2021,2
86,,2021,2
87,,2021,2
88,,2021,2
89,,2021,2
90,,2021,2
91,,2021,2
92,,2021,2
93,,2021,2
94,,2021,2
95,,2021,2
96,,2021,2
98,,2021,2
99,,2021,2
100,,2021,2
106,,2021,2
0,,2021,3
1,,2021,3
2,,2021,3
3,,2021,3
4,,2021,3
5,,2021,3
6,,2021,3
7,,2021,3
8,,2021,3
9,,2021,3
10,,2021,3
11,,2021,3
12,,2021,3
13,,2021,3
14,100.0,2021,3
15,444.0,2021,3
16,436.1111111111111,2021,3
17,525.925925925926,2021,3
18,690.3508771929825,2021,3
19,797.8888888888889,2021,3
20,811.5104166666666,2021,3
21,923.3796296296296,2021,3
22,1033.888888888889,2021,3
23,1196.969387755102,2021,3
24,1171.4392523364486,2021,3
25,1071.8181818181818,2021,3
26,1508.2954545454545,2021,3
27,1425.0564516129032,2021,3
28,1518.726618705036,2021,3
29,1237.1735537190082,2021,3
30,1259.0152671755725,2021,3
31,1516.1209677419354,2021,3
32,1549.2518518518518,2021,3
33,1631.5190839694656,2021,3
34,1377.8958333333333,2021,3
35,1548.3546511627908,2021,3
36,1424.689024390244,2021,3
37,1512.8479532163742,2021,3
38,1441.1146496815286,2021,3
39,1655.1688311688313,2021,3
40,1726.2659574468084,2021,3
41,1992.5960264900664,2021,3
42,1526.7962962962963,2021,3
43,2166.176470588235,2021,3
44,2012.3051948051948,2021,3
45,1686.081081081081,2021,3
46,1496.272,2021,3
47,1818.1338028169012,2021,3
48,1873.0289855072465,2021,3
49,1526.3649635036495,2021,3
50,1745.715384615385,2021,3
51,1532.218045112782,2021,3
52,1410.7272727272727,2021,3
53,2065.5858585858587,2021,3
54,1320.04,2021,3
55,2121.81,2021,3
56,1908.5882352941176,2021,3
57,1481.9736842105262,2021,3
58,1765.0,2021,3
59,2197.5882352941176,2021,3
60,1746.7441860465117,2021,3
61,1285.34,2021,3
62,3510.508474576271,2021,3
63,2427.1428571428573,2021,3
64,3767.307692307693,2021,3
65,1576.5625,2021,3
66,3757.142857142857,2021,3
67,1281.1304347826087,2021,3
68,3002.6666666666665,2021,3
69,1514.076923076923,2021,3
70,1955.555555555556,2021,3
71,1575.0,2021,3
72,4514.285714285715,2021,3
73,1225.0,2021,3
74,2150.0,2021,3
75,1100.0,2021,3
76,2500.0,2021,3
77,550.0,2021,3
78,4100.0,2021,3
79,2525.0,2021,3
80,500.0,2021,3
81,3000.0,2021,3
82,300.0,2021,3
83,,2021,3
84,,2021,3
85,,2021,3
86,,2021,3
87,200.0,2021,3
88,,2021,3
89,,2021,3
90,,2021,3
91,,2021,3
92,,2021,3
93,,2021,3
94,,2021,3
95,1100.0,2021,3
96,,2021,3
97,,2021,3
98,,2021,3
99,,2021,3
100,,2021,3
101,,2021,3
102,,2021,3
105,,2021,3
106,,2021,3
0,,2021,4
1,,2021,4
2,,2021,4
3,,2021,4
4,,2021,4
5,,2021,4
6,,2021,4
7,,2021,4
8,,2021,4
9,,2021,4
10,,2021,4
11,,2021,4
12,,2021,4
13,,2021,4
14,306.6666666666667,2021,4
15,288.5,2021,4
16,404.0,2021,4
17,453.2692307692308,2021,4
18,557.1159420289855,2021,4
19,764.1595744680851,2021,4
20,823.7037037037037,2021,4
21,824.9609375,2021,4
22,974.2644628099174,2021,4
23,1128.4615384615386,2021,4
24,1252.2131147540983,2021,4
25,1266.5877192982457,2021,4
26,1354.4755244755245,2021,4
27,1460.1344537815123,2021,4
28,1244.6891891891892,2021,4
29,1172.651851851852,2021,4
30,1319.0337837837835,2021,4
31,1476.437037037037,2021,4
32,1519.6052631578948,2021,4
33,1567.1851851851852,2021,4
34,1254.371212121212,2021,4
35,1553.8901734104047,2021,4
36,1533.7235294117647,2021,4
37,1525.4235294117648,2021,4
38,1610.5350318471335,2021,4
39,1439.8816568047337,2021,4
40,1551.8477157360403,2021,4
41,1823.5061728395065,2021,4
42,1314.6531791907514,2021,4
43,1631.3235294117646,2021,4
44,1948.9222222222224,2021,4
45,1677.699481865285,2021,4
46,1295.925925925926,2021,4
47,1567.5882352941176,2021,4
48,1731.2820512820513,2021,4
49,2312.0689655172414,2021,4
50,1706.5815602836878,2021,4
51,1387.6612903225807,2021,4
52,1814.571428571429,2021,4
53,2062.798076923077,2021,4
54,1621.7384615384617,2021,4
55,1833.4653465346532,2021,4
56,2149.345238095238,2021,4
57,1624.6913580246917,2021,4
58,1669.4044943820224,2021,4
59,2245.7179487179487,2021,4
60,1437.8813559322034,2021,4
61,1581.0754716981132,2021,4
62,4135.392156862745,2021,4
63,2647.5,2021,4
64,3692.3125,2021,4
65,2227.586206896552,2021,4
66,2448.75,2021,4
67,2287.826086956521,2021,4
68,1916.0,2021,4
69,2250.0,2021,4
70,1325.0,2021,4
71,2175.0,2021,4
72,2480.0,2021,4
73,1020.0,2021,4
74,1275.0,2021,4
75,433.3333333333333,2021,4
76,583.3333333333334,2021,4
77,450.0,2021,4
78,6466.666666666667,2021,4
79,450.0,2021,4
80,,2021,4
81,2000.0,2021,4
82,,2021,4
83,,2021,4
84,,2021,4
85,,2021,4
86,80.0,2021,4
87,200.0,2021,4
88,,2021,4
89,,2021,4
90,,2021,4
91,,2021,4
92,,2021,4
93,,2021,4
94,,2021,4
95,,2021,4
96,,2021,4
97,,2021,4
98,,2021,4
99,,2021,4
101,,2021,4
102,,2021,4
105,,2021,4
0,,2022,1
1,,2022,1
2,,2022,1
3,,2022,1
4,,2022,1
5,,2022,1
6,,2022,1
7,,2022,1
8,,2022,1
9,,2022,1
10,,2022,1
11,,2022,1
12,,2022,1
13,,2022,1
14,475.0,2022,1
15,639.0909090909091,2022,1
16,440.0,2022,1
17,649.2,2022,1
18,719.765625,2022,1
19,916.8089887640448,2022,1
20,844.639175257732,2022,1
21,952.1803278688524,2022,1
22,1038.0193548387097,2022,1
23,1286.267716535433,2022,1
24,1215.1323529411766,2022,1
25,1173.3955223880596,2022,1
26,1452.0487804878048,2022,1
27,1315.3129770992366,2022,1
28,1321.5874125874127,2022,1
29,1491.3125,2022,1
30,1396.9657534246576,2022,1
31,1656.201612903226,2022,1
32,1700.6586826347304,2022,1
33,1532.3673469387754,2022,1
34,1566.7131782945737,2022,1
35,1826.092485549133,2022,1
36,1749.6961325966852,2022,1
37,1622.2418300653594,2022,1
38,1888.119170984456,2022,1
39,1637.577380952381,2022,1
40,1716.279792746114,2022,1
41,1808.3,2022,1
42,1615.4486486486487,2022,1
43,1605.5474860335196,2022,1
44,1797.0848484848484,2022,1
45,1592.1684782608695,2022,1
46,1540.6029411764705,2022,1
47,1331.4859154929577,2022,1
48,1885.7452229299363,2022,1
49,2100.270967741936,2022,1
50,1686.7928571428572,2022,1
51,1581.3821138211383,2022,1
52,1810.486725663717,2022,1
53,1563.625,2022,1
54,1762.162162162162,2022,1
55,1995.92523364486,2022,1
56,1902.116504854369,2022,1
57,1856.8125,2022,1
58,1628.5,2022,1
59,1944.1285714285716,2022,1
60,1864.0975609756097,2022,1
61,1623.9636363636364,2022,1
62,2333.266666666667,2022,1
63,2811.3478260869565,2022,1
64,1200.7894736842106,2022,1
65,1763.5652173913045,2022,1
66,1896.6666666666667,2022,1
67,2238.5454545454545,2022,1
68,2229.681818181818,2022,1
69,2244.0,2022,1
70,1830.875,2022,1
71,1823.6,2022,1
72,1469.5,2022,1
73,3131.2,2022,1
74,2160.0,2022,1
75,725.0,2022,1
76,2428.5714285714284,2022,1
77,1533.3333333333333,2022,1
78,4125.0,2022,1
79,626.0,2022,1
80,440.0,2022,1
81,1186.6666666666667,2022,1
82,1220.0,2022,1
83,706.0,2022,1
84,,2022,1
85,,2022,1
86,,2022,1
87,300.0,2022,1
88,,2022,1
89,,2022,1
90,,2022,1
91,200.0,2022,1
92,,2022,1
93,,2022,1
94,,2022,1
95,,2022,1
96,,2022,1
97,,2022,1
98,,2022,1
99,,2022,1
101,,2022,1
102,,2022,1
103,,2022,1
105,,2022,1
0,,2022,2
1,,2022,2
2,,2022,2
3,,2022,2
4,,2022,2
5,,2022,2
6,,2022,2
7,,2022,2
8,,2022,2
9,,2022,2
10,,2022,2
11,,2022,2
12,,2022,2
13,,2022,2
14,200.0,2022,2
15,547.1428571428571,2022,2
16,463.75,2022,2
17,722.7857142857143,2022,2
18,733.483870967742,2022,2
19,803.2134831460675,2022,2
20,800.7235772357724,2022,2
21,902.1451612903226,2022,2
22,1029.909090909091,2022,2
23,1064.8322147651006,2022,2
24,1171.2056737588653,2022,2
25,1166.1608391608393,2022,2
26,1302.624,2022,2
27,1435.6326530612246,2022,2
28,1504.06875,2022,2
29,1408.9071428571428,2022,2
30,1467.943820224719,2022,2
31,1671.3135593220338,2022,2
32,1631.699421965318,2022,2
33,1847.6390532544376,2022,2
34,1542.984962406015,2022,2
35,2086.005681818182,2022,2
36,1805.485380116959,2022,2
37,1433.2727272727273,2022,2
38,1692.2684210526315,2022,2
39,1847.0684931506848,2022,2
40,1846.220588235294,2022,2
41,1703.5243243243244,2022,2
42,2158.1513513513514,2022,2
43,2153.677966101695,2022,2
44,1660.4880952380952,2022,2
45,1445.1156069364165,2022,2
46,1525.3916083916083,2022,2
47,1422.9142857142858,2022,2
48,1805.173611111111,2022,2
49,1619.6194029850749,2022,2
50,1853.0069444444443,2022,2
51,1844.051851851852,2022,2
52,1617.5725190839694,2022,2
53,1814.5625,2022,2
54,1619.4923076923078,2022,2
55,1950.1632653061224,2022,2
56,1955.6938775510205,2022,2
57,1326.8,2022,2
58,1616.55421686747,2022,2
59,1734.857142857143,2022,2
60,2052.364583333333,2022,2
61,1643.1311475409836,2022,2
62,2812.943396226415,2022,2
63,2641.95,2022,2
64,2210.2272727272725,2022,2
65,2117.85,2022,2
66,2840.758620689656,2022,2
67,1500.4444444444443,2022,2
68,2301.928571428572,2022,2
69,2731.9333333333334,2022,2
70,2676.1666666666665,2022,2
71,1552.2,2022,2
72,2367.6666666666665,2022,2
73,3011.2,2022,2
74,2375.0,2022,2
75,2579.555555555556,2022,2
76,2243.75,2022,2
77,1600.0,2022,2
78,3481.0,2022,2
79,725.0,2022,2
80,1150.0,2022,2
81,500.0,2022,2
82,,2022,2
83,,2022,2
84,1200.0,2022,2
85,1100.0,2022,2
86,300.0,2022,2
87,,2022,2
88,300.0,2022,2
89,,2022,2
90,,2022,2
91,,2022,2
92,,2022,2
93,,2022,2
94,,2022,2
95,,2022,2
96,,2022,2
97,,2022,2
98,,2022,2
99,,2022,2
101,,2022,2
105,,2022,2
0,,2022,3
1,,2022,3
2,,2022,3
3,,2022,3
4,,2022,3
5,,2022,3
6,,2022,3
7,,2022,3
8,,2022,3
9,,2022,3
10,,2022,3
11,,2022,3
12,,2022,3
13,,2022,3
14,242.5,2022,3
15,425.7142857142857,2022,3
16,526.0,2022,3
17,578.88,2022,3
18,725.96875,2022,3
19,881.3953488372093,2022,3
20,815.5925925925926,2022,3
21,1044.234375,2022,3
22,1225.3740458015268,2022,3
23,1245.9463087248323,2022,3
24,1269.361111111111,2022,3
25,1134.8478260869565,2022,3
26,1484.0162601626016,2022,3
27,1470.4534161490683,2022,3
28,1548.6346153846157,2022,3
29,1492.4652777777778,2022,3
30,1597.74375,2022,3
31,1735.153284671533,2022,3
32,1538.427672955975,2022,3
33,1724.4367088607594,2022,3
34,1630.5285714285717,2022,3
35,1893.751552795031,2022,3
36,1756.164893617021,2022,3
37,1557.114754098361,2022,3
38,1642.2615384615383,2022,3
39,1811.854748603352,2022,3
40,2052.243119266055,2022,3
41,1678.715736040609,2022,3
42,1668.415,2022,3
43,2119.865,2022,3
44,1656.89375,2022,3
45,1930.1032608695648,2022,3
46,1571.3333333333333,2022,3
47,1558.271523178808,2022,3
48,1835.0068027210884,2022,3
49,1674.058064516129,2022,3
50,1688.3609467455622,2022,3
51,2034.6811594202895,2022,3
52,1745.3239436619715,2022,3
53,1660.6666666666667,2022,3
54,1786.770491803279,2022,3
55,1909.90099009901,2022,3
56,1915.04,2022,3
57,1690.7291666666667,2022,3
58,1862.4571428571428,2022,3
59,1523.2,2022,3
60,2338.3763440860216,2022,3
61,1760.4305555555557,2022,3
62,2395.0,2022,3
63,2152.0652173913045,2022,3
64,2253.6363636363635,2022,3
65,1717.857142857143,2022,3
66,2799.9411764705883,2022,3
67,2112.3809523809523,2022,3
68,1929.5,2022,3
69,2004.6666666666667,2022,3
70,2870.25,2022,3
71,1647.1666666666667,2022,3
72,1703.7777777777778,2022,3
73,3146.75,2022,3
74,3129.454545454545,2022,3
75,3414.285714285714,2022,3
76,2532.4,2022,3
77,5395.0,2022,3
78,1168.6666666666667,2022,3
79,283.3333333333333,2022,3
80,,2022,3
81,,2022,3
82,1212.0,2022,3
83,,2022,3
84,720.0,2022,3
85,2000.0,2022,3
86,2424.0,2022,3
87,,2022,3
88,2650.0,2022,3
89,,2022,3
90,,2022,3
91,,2022,3
92,,2022,3
93,,2022,3
94,,2022,3
95,,2022,3
96,,2022,3
97,,2022,3
98,,2022,3
99,,2022,3
100,,2022,3
101,,2022,3
102,,2022,3
105,,2022,3
0,,2022,4
1,,2022,4
2,,2022,4
3,,2022,4
4,,2022,4
5,,2022,4
6,,2022,4
7,,2022,4
8,,2022,4
9,,2022,4
10,,2022,4
11,,2022,4
12,,2022,4
13,,2022,4
14,288.0,2022,4
15,530.6666666666666,2022,4
16,452.56,2022,4
17,668.16,2022,4
18,810.2166666666667,2022,4
19,974.1829268292682,2022,4
20,923.7105263157896,2022,4
21,1009.473282442748,2022,4
22,1121.2517985611512,2022,4
23,1318.0544217687077,2022,4
24,1259.609589041096,2022,4
25,1342.0277777777778,2022,4
26,1387.5128205128206,2022,4
27,1457.144827586207,2022,4
28,1863.4093959731545,2022,4
29,1930.6438356164383,2022,4
30,1667.8484848484848,2022,4
31,2249.964285714286,2022,4
32,1627.2292993630574,2022,4
33,2012.5379310344829,2022,4
34,1715.8815789473683,2022,4
35,1890.072463768116,2022,4
36,1803.962962962963,2022,4
37,1761.627659574468,2022,4
38,1899.777142857143,2022,4
39,2009.125748502994,2022,4
40,1835.985849056604,2022,4
41,2325.360824742268,2022,4
42,1983.275,2022,4
43,1959.6203208556149,2022,4
44,2004.421686746988,2022,4
45,2290.895027624309,2022,4
46,1893.2384105960264,2022,4
47,1667.202614379085,2022,4
48,1972.6356589147288,2022,4
49,1980.020979020979,2022,4
50,2304.6305732484075,2022,4
51,1851.972972972973,2022,4
52,2342.4246575342468,2022,4
53,1895.873015873016,2022,4
54,2094.9274193548385,2022,4
55,2217.3214285714284,2022,4
56,2052.811320754717,2022,4
57,2292.684210526316,2022,4
58,2497.59595959596,2022,4
59,1669.2045454545455,2022,4
60,2132.063829787234,2022,4
61,2395.714285714286,2022,4
62,2342.984615384616,2022,4
63,1957.095238095238,2022,4
64,1757.6363636363635,2022,4
65,2303.4210526315787,2022,4
66,2287.057142857143,2022,4
67,2065.0666666666666,2022,4
68,2016.1739130434785,2022,4
69,941.6923076923076,2022,4
70,3556.181818181818,2022,4
71,872.8333333333334,2022,4
72,1716.6666666666667,2022,4
73,1681.8181818181818,2022,4
74,3743.818181818182,2022,4
75,4288.333333333333,2022,4
76,2234.6666666666665,2022,4
77,4450.0,2022,4
78,2383.333333333333,2022,4
79,150.0,2022,4
80,,2022,4
81,2500.0,2022,4
82,1070.0,2022,4
83,1500.0,2022,4
84,1350.0,2022,4
85,1150.0,2022,4
86,,2022,4
87,,2022,4
88,300.0,2022,4
89,,2022,4
90,,2022,4
91,,2022,4
92,,2022,4
93,,2022,4
94,,2022,4
95,,2022,4
96,,2022,4
97,,2022,4
98,,2022,4
99,,2022,4
101,,2022,4
110,,2022,4
0,,2023,1
1,,2023,1
2,,2023,1
3,,2023,1
4,,2023,1
5,,2023,1
6,,2023,1
7,,2023,1
8,,2023,1
9,,2023,1
10,,2023,1
11,,2023,1
12,,2023,1
13,,2023,1
14,353.3333333333333,2023,1
15,270.0,2023,1
16,463.4090909090909,2023,1
17,700.3333333333334,2023,1
18,871.9705882352941,2023,1
19,940.075,2023,1
20,1041.1792452830189,2023,1
21,1034.235294117647,2023,1
22,1146.123076923077,2023,1
23,1332.4184397163122,2023,1
24,1326.409090909091,2023,1
25,1500.6296296296296,2023,1
26,1735.0942028985507,2023,1
27,1425.1846153846154,2023,1
28,1989.9714285714283,2023,1
29,1763.125,2023,1
30,1856.9115646258504,2023,1
31,1815.79674796748,2023,1
32,2286.487341772152,2023,1
33,1873.1719745222929,2023,1
34,1911.6601307189544,2023,1
35,1808.8625,2023,1
36,1892.6521739130435,2023,1
37,1577.0670103092784,2023,1
38,1991.792899408284,2023,1
39,1786.7555555555557,2023,1
40,2119.48717948718,2023,1
41,2255.811111111111,2023,1
42,3154.423076923077,2023,1
43,1852.6939890710385,2023,1
44,2092.6353591160223,2023,1
45,2045.941520467836,2023,1
46,2049.8076923076924,2023,1
47,1874.0,2023,1
48,2044.3507462686568,2023,1
49,2036.7702702702704,2023,1
50,2020.487654320988,2023,1
51,2067.525,2023,1
52,2127.9407407407407,2023,1
53,1913.5348837209303,2023,1
54,2089.305970149254,2023,1
55,3052.694117647058,2023,1
56,2264.783783783784,2023,1
57,1827.72,2023,1
58,2033.252336448598,2023,1
59,2198.3837209302324,2023,1
60,2370.0,2023,1
61,2154.153846153846,2023,1
62,2101.1612903225805,2023,1
63,1867.7894736842104,2023,1
64,1901.0196078431368,2023,1
65,2511.470588235294,2023,1
66,2274.1481481481483,2023,1
67,2090.333333333333,2023,1
68,1391.2,2023,1
69,2719.5,2023,1
70,4678.25,2023,1
71,879.3333333333334,2023,1
72,1368.3333333333333,2023,1
73,2000.4,2023,1
74,3696.6666666666665,2023,1
75,1539.4,2023,1
76,4751.5,2023,1
77,4337.5,2023,1
78,2000.0,2023,1
79,1050.0,2023,1
80,,2023,1
81,83.0,2023,1
82,,2023,1
83,200.0,2023,1
84,1400.0,2023,1
85,200.0,2023,1
86,,2023,1
87,,2023,1
88,300.0,2023,1
89,,2023,1
90,,2023,1
91,,2023,1
92,,2023,1
93,,2023,1
94,,2023,1
95,,2023,1
96,,2023,1
97,,2023,1
99,,2023,1
100,,2023,1
101,,2023,1
105,,2023,1
110,,2023,1
0,,2023,2
1,,2023,2
2,,2023,2
3,,2023,2
4,,2023,2
5,,2023,2
6,,2023,2
7,,2023,2
8,,2023,2
9,,2023,2
10,,2023,2
11,,2023,2
12,,2023,2
13,,2023,2
14,500.0,2023,2
15,90.0,2023,2
16,464.2857142857143,2023,2
17,653.2272727272727,2023,2
18,922.181818181818,2023,2
19,965.418918918919,2023,2
20,1026.896551724138,2023,2
21,1069.0923076923077,2023,2
22,1070.6423357664237,2023,2
23,1401.148936170213,2023,2
24,1401.5882352941176,2023,2
25,1570.9782608695652,2023,2
26,2026.96,2023,2
27,1621.7847222222222,2023,2
28,1604.6923076923076,2023,2
29,1570.9767441860463,2023,2
30,1996.3513513513512,2023,2
31,1771.609022556391,2023,2
32,1840.9150326797385,2023,2
33,1927.9454545454544,2023,2
34,2271.4117647058824,2023,2
35,2274.796178343949,2023,2
36,2029.2027027027027,2023,2
37,1706.1511627906978,2023,2
38,2062.512658227848,2023,2
39,1788.5689655172414,2023,2
40,1883.977653631285,2023,2
41,2245.517441860465,2023,2
42,2914.855670103093,2023,2
43,1959.0955056179776,2023,2
44,2048.8,2023,2
45,2146.8342857142857,2023,2
46,2398.5657142857144,2023,2
47,2126.304964539007,2023,2
48,1776.6527777777778,2023,2
49,2870.5454545454545,2023,2
50,1852.1627906976744,2023,2
51,2238.0,2023,2
52,2089.1186440677966,2023,2
53,1829.282442748092,2023,2
54,2052.8596491228072,2023,2
55,2773.25,2023,2
56,2298.0,2023,2
57,2148.3118279569894,2023,2
58,1936.8392857142856,2023,2
59,2645.2688172043013,2023,2
60,1700.2285714285715,2023,2
61,2536.657534246576,2023,2
62,2043.4153846153847,2023,2
63,1951.055555555556,2023,2
64,2178.938775510204,2023,2
65,2752.6857142857143,2023,2
66,3231.7272727272725,2023,2
67,2942.6666666666665,2023,2
68,1562.0,2023,2
69,1604.8235294117646,2023,2
70,3046.6666666666665,2023,2
71,3766.0,2023,2
72,1005.0,2023,2
73,3764.285714285714,2023,2
74,2409.0,2023,2
75,6760.4,2023,2
76,8230.0,2023,2
77,1400.0,2023,2
78,3100.0,2023,2
79,516.6666666666666,2023,2
80,1525.0,2023,2
81,83.0,2023,2
82,,2023,2
83,1320.0,2023,2
84,,2023,2
85,,2023,2
86,,2023,2
87,,2023,2
88,,2023,2
89,,2023,2
90,,2023,2
91,,2023,2
92,,2023,2
93,,2023,2
94,,2023,2
95,,2023,2
96,,2023,2
97,,2023,2
98,,2023,2
100,,2023,2
101,,2023,2
102,,2023,2
105,,2023,2
110,,2023,2
0,,2023,3
1,,2023,3
2,,2023,3
3,,2023,3
4,,2023,3
5,,2023,3
6,,2023,3
7,,2023,3
8,,2023,3
9,,2023,3
10,,2023,3
11,,2023,3
12,,2023,3
13,,2023,3
14,492.5,2023,3
15,500.0,2023,3
16,476.0,2023,3
17,670.0,2023,3
18,824.2714285714286,2023,3
19,1055.0684931506848,2023,3
20,917.7333333333332,2023,3
21,1046.1545454545455,2023,3
22,1069.6783216783217,2023,3
23,1284.0785714285714,2023,3
24,1351.408,2023,3
25,1477.076923076923,2023,3
26,1653.7333333333331,2023,3
27,1472.564935064935,2023,3
28,1532.421768707483,2023,3
29,1886.1507936507935,2023,3
30,1953.1258278145692,2023,3
31,2405.5839416058398,2023,3
32,2136.7710843373493,2023,3
33,1708.417808219178,2023,3
34,2248.3197278911566,2023,3
35,1856.280701754386,2023,3
36,1817.304054054054,2023,3
37,1968.4968152866245,2023,3
38,1908.2325581395348,2023,3
39,1852.355828220859,2023,3
40,1943.6753926701567,2023,3
41,2519.81875,2023,3
42,2104.852216748769,2023,3
43,2248.795580110497,2023,3
44,1894.1096774193547,2023,3
45,2116.541935483871,2023,3
46,2409.6768292682927,2023,3
47,2190.6012658227846,2023,3
48,2108.6560509554142,2023,3
49,2460.413043478261,2023,3
50,3076.6477272727275,2023,3
51,2049.781512605042,2023,3
52,2379.902985074627,2023,3
53,2036.058394160584,2023,3
54,2092.558139534884,2023,3
55,1775.4621848739496,2023,3
56,1944.119266055046,2023,3
57,1853.085106382979,2023,3
58,2321.0442477876104,2023,3
59,2916.02,2023,3
60,2394.6849315068494,2023,3
61,2749.268656716418,2023,3
62,2711.2388059701493,2023,3
63,2174.576271186441,2023,3
64,1644.7317073170732,2023,3
65,2014.555555555556,2023,3
66,3199.6153846153848,2023,3
67,2338.695652173913,2023,3
68,2699.090909090909,2023,3
69,1563.3333333333333,2023,3
70,2829.285714285714,2023,3
71,2779.090909090909,2023,3
72,1461.25,2023,3
73,2262.692307692308,2023,3
74,2661.4,2023,3
75,8311.666666666666,2023,3
76,1404.0,2023,3
77,823.3333333333334,2023,3
78,2208.0,2023,3
79,1400.0,2023,3
80,3000.0,2023,3
81,2500.0,2023,3
82,83.0,2023,3
83,1260.0,2023,3
84,,2023,3
85,,2023,3
86,,2023,3
87,,2023,3
88,,2023,3
89,300.0,2023,3
90,,2023,3
91,,2023,3
92,,2023,3
93,,2023,3
94,,2023,3
95,,2023,3
96,,2023,3
97,,2023,3
99,,2023,3
100,,2023,3
101,,2023,3
102,,2023,3
105,,2023,3
110,,2023,3
113,,2023,3
0,,2023,4
1,,2023,4
2,,2023,4
3,,2023,4
4,,2023,4
5,,2023,4
6,,2023,4
7,,2023,4
8,,2023,4
9,,2023,4
10,,2023,4
11,,2023,4
12,,2023,4
13,,2023,4
14,441.6666666666667,2023,4
15,410.0,2023,4
16,475.0,2023,4
17,659.3333333333334,2023,4
18,918.4444444444443,2023,4
19,970.4074074074074,2023,4
20,1079.6979166666667,2023,4
21,1074.5454545454545,2023,4
22,1156.2937062937062,2023,4
23,1217.991228070175,2023,4
24,1575.13986013986,2023,4
25,1504.0230769230768,2023,4
26,1421.9038461538462,2023,4
27,1440.904761904762,2023,4
28,1806.567741935484,2023,4
29,1808.4155844155844,2023,4
30,1782.512048192771,2023,4
31,2074.6338028169016,2023,4
32,2148.4730538922154,2023,4
33,2080.9668874172185,2023,4
34,2251.0955414012737,2023,4
35,1697.8588235294117,2023,4
36,1911.6158536585365,2023,4
37,1712.932960893855,2023,4
38,1829.6818181818185,2023,4
39,2019.1761363636365,2023,4
40,1730.647398843931,2023,4
41,2075.472392638037,2023,4
42,2055.6594594594594,2023,4
43,2344.7860962566847,2023,4
44,2116.343195266272,2023,4
45,2189.365671641791,2023,4
46,2393.74269005848,2023,4
47,2493.025806451613,2023,4
48,2058.7577639751557,2023,4
49,2184.3888888888887,2023,4
50,2315.109756097561,2023,4
51,1893.8947368421047,2023,4
52,2012.5396825396824,2023,4
53,2008.780821917808,2023,4
54,2082.72131147541,2023,4
55,2271.8320610687024,2023,4
56,2491.96261682243,2023,4
57,2207.778846153846,2023,4
58,2188.5631067961167,2023,4
59,2663.198198198198,2023,4
60,2277.842857142857,2023,4
61,2202.1428571428573,2023,4
62,2931.5,2023,4
63,1836.40625,2023,4
64,2156.7441860465115,2023,4
65,1831.276595744681,2023,4
66,2728.5185185185187,2023,4
67,3085.0,2023,4
68,5009.571428571428,2023,4
69,1735.6521739130435,2023,4
70,1638.571428571429,2023,4
71,2181.428571428572,2023,4
72,1271.428571428571,2023,4
73,1917.5,2023,4
74,4124.285714285715,2023,4
75,9583.333333333334,2023,4
76,8000.0,2023,4
77,1390.0,2023,4
78,2322.8571428571427,2023,4
79,1320.0,2023,4
80,960.0,2023,4
81,2500.0,2023,4
82,200.0,2023,4
83,840.0,2023,4
84,,2023,4
85,,2023,4
86,,2023,4
87,,2023,4
88,,2023,4
89,280.0,2023,4
90,,2023,4
91,,2023,4
92,,2023,4
93,,2023,4
94,,2023,4
95,,2023,4
96,,2023,4
97,,2023,4
98,,2023,4
99,,2023,4
100,,2023,4
101,,2023,4
110,,2023,4
113,,2023,4
0,,2024,1
1,,2024,1
2,,2024,1
3,,2024,1
4,,2024,1
5,,2024,1
6,,2024,1
7,,2024,1
8,,2024,1
9,,2024,1
10,,2024,1
11,,2024,1
12,,2024,1
13,,2024,1
14,318.75,2024,1
15,820.0,2024,1
16,647.5,2024,1
17,868.2962962962963,2024,1
18,887.8051948051948,2024,1
19,911.8571428571428,2024,1
20,1076.752688172043,2024,1
21,1431.048076923077,2024,1
22,1248.0882352941176,2024,1
23,1259.7832167832169,2024,1
24,1470.3233082706768,2024,1
25,1603.1031746031747,2024,1
26,1451.3815789473683,2024,1
27,1544.7261904761904,2024,1
28,1882.945945945946,2024,1
29,1523.2866242038217,2024,1
30,2459.2156862745096,2024,1
31,2178.3658536585367,2024,1
32,2023.5853658536585,2024,1
33,2057.5872093023254,2024,1
34,1892.548387096774,2024,1
35,2133.5324675324678,2024,1
36,1652.9214659685863,2024,1
37,2236.074285714286,2024,1
38,1976.6458333333333,2024,1
39,1777.7675675675675,2024,1
40,1859.8381502890172,2024,1
41,2294.510989010989,2024,1
42,2509.0858585858587,2024,1
43,2143.32972972973,2024,1
44,2125.2981366459626,2024,1
45,1802.9818181818184,2024,1
46,1674.6375838926174,2024,1
47,2562.6319018404906,2024,1
48,2536.8481012658226,2024,1
49,1945.2121212121208,2024,1
50,2265.5320512820517,2024,1
51,2195.172185430464,2024,1
52,2202.6846153846154,2024,1
53,2188.551948051948,2024,1
54,2358.390977443609,2024,1
55,2243.6612903225805,2024,1
56,2618.894230769231,2024,1
57,2266.0186915887853,2024,1
58,2148.870967741936,2024,1
59,2268.7184466019417,2024,1
60,2407.6853932584268,2024,1
61,1990.421052631579,2024,1
62,2398.310344827586,2024,1
63,1925.03125,2024,1
64,2285.2549019607845,2024,1
65,1823.2272727272727,2024,1
66,1789.1724137931035,2024,1
67,2084.8,2024,1
68,3709.625,2024,1
69,2284.2105263157896,2024,1
70,2202.8,2024,1
71,2922.285714285714,2024,1
72,1681.7,2024,1
73,1468.7,2024,1
74,2560.0,2024,1
75,1454.0,2024,1
76,4180.0,2024,1
77,1164.0,2024,1
78,1106.6666666666667,2024,1
79,2803.0,2024,1
80,1000.0,2024,1
81,1966.6666666666667,2024,1
82,100.0,2024,1
83,100.0,2024,1
84,10116.666666666666,2024,1
85,,2024,1
86,,2024,1
87,,2024,1
88,,2024,1
89,,2024,1
90,,2024,1
91,,2024,1
92,,2024,1
93,,2024,1
94,,2024,1
95,,2024,1
96,,2024,1
97,,2024,1
99,,2024,1
100,,2024,1
101,,2024,1
113,,2024,1
0,,2024,2
1,,2024,2
2,,2024,2
3,,2024,2
4,,2024,2
5,,2024,2
6,,2024,2
7,,2024,2
8,,2024,2
9,,2024,2
10,,2024,2
11,,2024,2
12,,2024,2
13,,2024,2
14,324.44444444444446,2024,2
15,485.8333333333333,2024,2
16,411.4285714285714,2024,2
17,869.2068965517242,2024,2
18,1005.7611940298508,2024,2
19,931.6,2024,2
20,1047.4257425742574,2024,2
21,1350.3583333333331,2024,2
22,1225.4274809160306,2024,2
23,1258.2214285714283,2024,2
24,1494.66,2024,2
25,1451.8699186991869,2024,2
26,1522.6511627906978,2024,2
27,1668.2372881355932,2024,2
28,1864.0,2024,2
29,1863.230337078652,2024,2
30,2281.1104294478528,2024,2
31,2520.682634730539,2024,2
32,2200.39247311828,2024,2
33,2416.315789473684,2024,2
34,1954.0765306122448,2024,2
35,2441.7294117647057,2024,2
36,2064.3676470588234,2024,2
37,2015.515306122449,2024,2
38,2039.3880597014925,2024,2
39,2262.603351955307,2024,2
40,2470.59217877095,2024,2
41,3364.681818181818,2024,2
42,3001.946808510638,2024,2
43,2488.2751322751324,2024,2
44,2152.313953488372,2024,2
45,2290.790055248619,2024,2
46,1986.2857142857144,2024,2
47,2250.3398692810456,2024,2
48,2516.296296296296,2024,2
49,2070.493150684932,2024,2
50,2143.5443037974683,2024,2
51,2457.5,2024,2
52,2173.4748201438847,2024,2
53,2204.081632653061,2024,2
54,1902.610294117647,2024,2
55,2198.162393162393,2024,2
56,2559.7179487179487,2024,2
57,2558.25,2024,2
58,2519.6525423728813,2024,2
59,1939.29,2024,2
60,2741.488372093024,2024,2
61,2238.953125,2024,2
62,2353.6507936507937,2024,2
63,2207.6619718309857,2024,2
64,2565.766666666667,2024,2
65,3417.317073170732,2024,2
66,1969.9642857142856,2024,2
67,1951.9130434782608,2024,2
68,3348.785714285714,2024,2
69,4834.090909090909,2024,2
70,1699.0526315789473,2024,2
71,1816.2,2024,2
72,1802.0,2024,2
73,2041.6,2024,2
74,2079.454545454545,2024,2
75,1027.875,2024,2
76,5194.0,2024,2
77,7700.0,2024,2
78,1007.1428571428572,2024,2
79,3303.0,2024,2
80,500.0,2024,2
81,3000.0,2024,2
82,200.0,2024,2
83,100.0,2024,2
84,,2024,2
85,30000.0,2024,2
86,,2024,2
87,,2024,2
88,2680.0,2024,2
89,,2024,2
90,,2024,2
91,,2024,2
92,,2024,2
93,,2024,2
94,,2024,2
95,,2024,2
96,,2024,2
97,,2024,2
99,,2024,2
100,,2024,2
101,,2024,2
113,,2024,2
0,,2024,3
1,,2024,3
2,,2024,3
3,,2024,3
4,,2024,3
5,,2024,3
6,,2024,3
7,,2024,3
8,,2024,3
9,,2024,3
10,,2024,3
11,,2024,3
12,,2024,3
13,,2024,3
14,388.0,2024,3
15,433.3333333333333,2024,3
16,534.2352941176471,2024,3
17,884.3611111111111,2024,3
18,960.0641025641024,2024,3
19,1063.5777777777778,2024,3
20,978.2043010752687,2024,3
21,1281.1703703703704,2024,3
22,1293.0,2024,3
23,1325.3776223776224,2024,3
24,1510.6374269005848,2024,3
25,1585.361344537815,2024,3
26,1564.847058823529,2024,3
27,1773.9195402298851,2024,3
28,1919.9653179190752,2024,3
29,1991.488764044944,2024,3
30,1823.972375690608,2024,3
31,2530.224242424242,2024,3
32,2168.6761363636365,2024,3
33,2505.282894736842,2024,3
34,1824.9157894736843,2024,3
35,2188.777777777778,2024,3
36,2269.5263157894738,2024,3
37,2347.271794871795,2024,3
38,2180.6666666666665,2024,3
39,2609.525139664805,2024,3
40,2287.0904522613064,2024,3
41,2929.8882352941177,2024,3
42,2321.7817258883247,2024,3
43,2920.319587628866,2024,3
44,2354.3204419889503,2024,3
45,2178.658823529412,2024,3
46,2052.797385620915,2024,3
47,2615.78,2024,3
48,2078.974358974359,2024,3
49,2147.1917808219177,2024,3
50,2115.34375,2024,3
51,2077.967320261438,2024,3
52,2395.644927536232,2024,3
53,2303.664335664336,2024,3
54,2092.503703703704,2024,3
55,3181.230769230769,2024,3
56,2551.5772357723577,2024,3
57,2679.559701492537,2024,3
58,2161.8214285714284,2024,3
59,2810.955056179775,2024,3
60,2019.4722222222224,2024,3
61,1673.4237288135594,2024,3
62,1989.372881355932,2024,3
63,2482.9411764705883,2024,3
64,2150.915254237288,2024,3
65,2019.0416666666667,2024,3
66,3796.117647058824,2024,3
67,1758.0,2024,3
68,2976.2,2024,3
69,4146.0,2024,3
70,1958.2,2024,3
71,2961.1111111111118,2024,3
72,1402.5,2024,3
73,2238.266666666667,2024,3
74,707.75,2024,3
75,2087.5,2024,3
76,2950.222222222222,2024,3
77,9347.0,2024,3
78,1322.4,2024,3
79,2309.0,2024,3
80,566.5,2024,3
81,,2024,3
82,5000.0,2024,3
83,800.0,2024,3
84,,2024,3
85,10806.666666666666,2024,3
86,,2024,3
87,300.0,2024,3
88,150.0,2024,3
89,,2024,3
90,,2024,3
91,,2024,3
92,,2024,3
93,,2024,3
94,,2024,3
95,,2024,3
96,,2024,3
97,,2024,3
99,,2024,3
100,,2024,3
102,,2024,3
103,,2024,3
113,,2024,3
0,,2024,4
1,,2024,4
2,,2024,4
3,,2024,4
4,,2024,4
5,,2024,4
6,,2024,4
7,,2024,4
8,,2024,4
9,,2024,4
10,,2024,4
11,,2024,4
12,,2024,4
13,,2024,4
14,302.0,2024,4
15,425.7142857142857,2024,4
16,574.1176470588235,2024,4
17,769.3461538461538,2024,4
18,948.45,2024,4
19,1050.84375,2024,4
20,981.0392156862744,2024,4
21,1225.784,2024,4
22,1406.64,2024,4
23,1323.536231884058,2024,4
24,1538.074712643678,2024,4
25,1419.9851851851852,2024,4
26,1983.7682926829268,2024,4
27,1745.258064516129,2024,4
28,2233.310975609756,2024,4
29,1965.2134831460676,2024,4
30,1894.2848484848485,2024,4
31,2513.531073446328,2024,4
32,1915.8837209302328,2024,4
33,2665.058823529412,2024,4
34,2111.1122994652405,2024,4
35,2622.777108433735,2024,4
36,2191.879781420765,2024,4
37,2362.0,2024,4
38,2424.379487179487,2024,4
39,2484.7244897959185,2024,4
40,2202.3399014778324,2024,4
41,3949.785310734463,2024,4
42,2141.665,2024,4
43,2948.2680412371133,2024,4
44,3488.969072164949,2024,4
45,2006.248322147651,2024,4
46,2147.844827586207,2024,4
47,2210.25625,2024,4
48,2109.9142857142856,2024,4
49,2725.551020408164,2024,4
50,1991.0064935064936,2024,4
51,2432.56338028169,2024,4
52,2526.953020134228,2024,4
53,2480.255319148936,2024,4
54,1966.0579710144928,2024,4
55,3348.189189189189,2024,4
56,2831.236220472441,2024,4
57,2736.0074074074078,2024,4
58,2836.2053571428573,2024,4
59,2675.6666666666665,2024,4
60,2619.4523809523807,2024,4
61,1615.3333333333333,2024,4
62,1791.9310344827586,2024,4
63,3279.107692307692,2024,4
64,2770.2075471698117,2024,4
65,2423.053571428572,2024,4
66,1657.6969696969695,2024,4
67,1487.25,2024,4
68,3322.181818181818,2024,4
69,6061.88,2024,4
70,3976.705882352941,2024,4
71,3923.0476190476193,2024,4
72,1113.2307692307693,2024,4
73,5628.133333333333,2024,4
74,1421.1666666666667,2024,4
75,2109.8,2024,4
76,2901.6666666666665,2024,4
77,8382.4,2024,4
78,1266.6666666666667,2024,4
79,1337.5,2024,4
80,5000.0,2024,4
81,600.0,2024,4
82,8000.0,2024,4
83,700.0,2024,4
84,5000.0,2024,4
85,1420.0,2024,4
86,,2024,4
87,,2024,4
88,,2024,4
89,1400.0,2024,4
90,,2024,4
91,50.0,2024,4
92,,2024,4
93,,2024,4
94,,2024,4
95,,2024,4
96,,2024,4
97,,2024,4
98,,2024,4
99,,2024,4
100,,2024,4
102,,2024,4
103,,2024,4
104,,2024,4
0,,2025,1
1,,2025,1
2,,2025,1
3,,2025,1
4,,2025,1
5,,2025,1
6,,2025,1
7,,2025,1
8,,2025,1
9,,2025,1
10,,2025,1
11,,2025,1
12,,2025,1
13,,2025,1
14,455.0,2025,1
15,420.0,2025,1
16,650.7777777777778,2025,1
17,670.7407407407408,2025,1
18,1015.9814814814816,2025,1
19,1086.584269662921,2025,1
20,1146.76,2025,1
21,1284.2363636363636,2025,1
22,1321.9920634920634,2025,1
23,1418.7083333333333,2025,1
24,1656.013422818792,2025,1
25,1682.8529411764705,2025,1
26,2324.4050632911394,2025,1
27,2020.3245033112585,2025,1
28,2871.292517006803,2025,1
29,2521.431506849315,2025,1
30,2133.1486486486488,2025,1
31,2702.7902097902097,2025,1
32,2232.6975308641977,2025,1
33,2670.4880952380954,2025,1
34,2206.059171597633,2025,1
35,2640.432098765432,2025,1
36,2740.412429378531,2025,1
37,2397.605882352941,2025,1
38,2409.6304347826085,2025,1
39,2564.320652173913,2025,1
40,3086.980487804878,2025,1
41,2824.4,2025,1
42,3144.016666666667,2025,1
43,2632.139037433155,2025,1
44,2881.6847826086955,2025,1
45,2488.788461538461,2025,1
46,2115.627027027027,2025,1
47,2316.567901234568,2025,1
48,2131.727891156462,2025,1
49,2589.90977443609,2025,1
50,2415.9794520547944,2025,1
51,2445.830065359477,2025,1
52,2739.834645669291,2025,1
53,2856.1953125,2025,1
54,2142.4263565891474,2025,1
55,3364.2549019607845,2025,1
56,3287.010752688172,2025,1
57,2749.6168224299067,2025,1
58,2460.803921568628,2025,1
59,3315.788888888889,2025,1
60,2509.333333333333,2025,1
61,3283.1521739130435,2025,1
62,2313.245283018868,2025,1
63,3265.469387755102,2025,1
64,3066.769230769231,2025,1
65,2600.906976744186,2025,1
66,2647.866666666667,2025,1
67,1875.8260869565215,2025,1
68,2377.428571428572,2025,1
69,9420.333333333334,2025,1
70,5715.666666666667,2025,1
71,4502.470588235294,2025,1
72,2313.1111111111118,2025,1
73,5613.533333333334,2025,1
74,1727.6923076923076,2025,1
75,1064.857142857143,2025,1
76,3897.8,2025,1
77,2906.5,2025,1
78,4000.0,2025,1
79,1733.3333333333333,2025,1
80,3308.333333333333,2025,1
81,300.0,2025,1
82,,2025,1
83,772.6666666666666,2025,1
84,2502.6666666666665,2025,1
85,,2025,1
86,,2025,1
87,200.0,2025,1
88,,2025,1
89,200.0,2025,1
90,,2025,1
91,,2025,1
92,,2025,1
93,,2025,1
94,,2025,1
95,,2025,1
96,,2025,1
97,,2025,1
98,,2025,1
99,,2025,1
100,,2025,1
101,,2025,1
102,,2025,1
104,,2025,1
0,,2025,2
1,,2025,2
2,,2025,2
3,,2025,2
4,,2025,2
5,,2025,2
6,,2025,2
7,,2025,2
8,,2025,2
9,,2025,2
10,,2025,2
11,,2025,2
12,,2025,2
13,,2025,2
14,440.0,2025,2
15,528.25,2025,2
16,506.875,2025,2
17,645.5,2025,2
18,1131.6923076923076,2025,2
19,1149.639175257732,2025,2
20,1321.990099009901,2025,2
21,1274.0701754385964,2025,2
22,1405.27868852459,2025,2
23,1551.9767441860463,2025,2
24,1622.966101694915,2025,2
25,2070.936305732484,2025,2
26,1731.7517730496454,2025,2
27,2172.203821656051,2025,2
28,2661.043795620438,2025,2
29,2313.553459119497,2025,2
30,2775.3161290322582,2025,2
31,1944.5034965034963,2025,2
32,2674.428571428572,2025,2
33,2511.21387283237,2025,2
34,2477.6625766871166,2025,2
35,2499.108695652174,2025,2
36,2887.229299363057,2025,2
37,2316.131868131868,2025,2
38,2195.7844311377244,2025,2
39,2421.050279329609,2025,2
40,2930.5124378109454,2025,2
41,3482.9223300970875,2025,2
42,3259.78640776699,2025,2
43,2636.680473372781,2025,2
44,2619.1153846153848,2025,2
45,3402.973958333333,2025,2
46,2035.5460122699387,2025,2
47,2373.2625698324023,2025,2
48,3130.211678832117,2025,2
49,2414.567164179105,2025,2
50,2626.768707482993,2025,2
51,2388.5642857142857,2025,2
52,2452.4375,2025,2
53,3190.664122137405,2025,2
54,2275.745283018868,2025,2
55,2713.8349514563106,2025,2
56,2616.2391304347825,2025,2
57,2428.923076923077,2025,2
58,2594.1322314049585,2025,2
59,3412.8863636363635,2025,2
60,2160.960396039604,2025,2
61,3254.4193548387098,2025,2
62,2337.8939393939395,2025,2
63,2955.2363636363634,2025,2
64,2435.0338983050847,2025,2
65,2831.877551020408,2025,2
66,2279.3714285714286,2025,2
67,2208.1052631578946,2025,2
68,3083.4666666666667,2025,2
69,4461.75,2025,2
70,7796.047619047619,2025,2
71,5234.666666666667,2025,2
72,4840.125,2025,2
73,3856.0,2025,2
74,2141.230769230769,2025,2
75,3455.555555555556,2025,2
76,3700.0,2025,2
77,1858.0,2025,2
78,3208.333333333333,2025,2
79,1220.0,2025,2
80,1272.6666666666667,2025,2
81,,2025,2
82,,2025,2
83,2900.0,2025,2
84,250.0,2025,2
85,700.0,2025,2
86,,2025,2
87,5050.0,2025,2
88,,2025,2
89,,2025,2
90,,2025,2
91,,2025,2
92,,2025,2
93,,2025,2
94,,2025,2
95,,2025,2
96,,2025,2
97,,2025,2
98,,2025,2
99,,2025,2
100,,2025,2
101,,2025,2
103,,2025,2
104,,2025,2
0,,2025,3
1,,2025,3
2,,2025,3
3,,2025,3
4,,2025,3
5,,2025,3
6,,2025,3
7,,2025,3
8,,2025,3
9,,2025,3
10,,2025,3
11,,2025,3
12,,2025,3
13,,2025,3
14,510.0,2025,3
15,517.5,2025,3
16,602.5,2025,3
17,702.9032258064516,2025,3
18,948.2333333333332,2025,3
19,1212.1,2025,3
20,1244.054347826087,2025,3
21,1222.962962962963,2025,3
22,1501.7719298245613,2025,3
23,1404.1880341880342,2025,3
24,1719.5906040268455,2025,3
25,1837.3351955307264,2025,3
26,2008.4625850340133,2025,3
27,2281.527607361963,2025,3
28,2352.68085106383,2025,3
29,2150.858974358974,2025,3
30,2331.08024691358,2025,3
31,2510.5324675324678,2025,3
32,2596.7289156626507,2025,3
33,2645.635294117647,2025,3
34,2363.243093922652,2025,3
35,2378.3314606741574,2025,3
36,2526.369318181818,2025,3
37,2408.4458598726114,2025,3
38,2413.3016759776538,2025,3
39,2626.151162790697,2025,3
40,2837.958333333333,2025,3
41,3340.9533678756475,2025,3
42,3123.263736263736,2025,3
43,2843.0854271356784,2025,3
44,2917.063157894737,2025,3
45,3908.0476190476193,2025,3
46,2394.7423312883434,2025,3
47,2613.832402234637,2025,3
48,2228.116129032258,2025,3
49,2507.648854961832,2025,3
50,2608.6619718309857,2025,3
51,2074.8310810810813,2025,3
52,2723.1532846715327,2025,3
53,2738.34375,2025,3
54,2813.1293103448274,2025,3
55,2234.672,2025,3
56,2639.844036697248,2025,3
57,2095.234042553192,2025,3
58,2042.0672268907565,2025,3
59,2501.848484848485,2025,3
60,3005.06,2025,3
61,3713.415384615385,2025,3
62,3901.5593220338974,2025,3
63,2566.020833333333,2025,3
64,3581.18,2025,3
65,2996.4651162790697,2025,3
66,1687.022222222222,2025,3
67,1798.24,2025,3
68,4172.454545454545,2025,3
69,3464.315789473684,2025,3
70,2069.7,2025,3
71,5416.769230769231,2025,3
72,3548.375,2025,3
73,4893.166666666667,2025,3
74,7789.75,2025,3
75,4445.428571428572,2025,3
76,4203.272727272727,2025,3
77,2927.25,2025,3
78,793.6,2025,3
79,3750.0,2025,3
80,2054.5,2025,3
81,600.0,2025,3
82,10000.0,2025,3
83,,2025,3
84,1259.0,2025,3
85,300.0,2025,3
86,,2025,3
87,20000.0,2025,3
88,799.0,2025,3
89,10000.0,2025,3
90,,2025,3
91,,2025,3
92,,2025,3
93,,2025,3
94,,2025,3
95,,2025,3
96,,2025,3
97,,2025,3
98,,2025,3
99,,2025,3
101,,2025,3
103,,2025,3
104,,2025,3
0,,2025,4
1,,2025,4
2,,2025,4
3,,2025,4
4,,2025,4
5,,2025,4
6,,2025,4
7,,2025,4
8,,2025,4
9,,2025,4
10,,2025,4
11,,2025,4
12,,2025,4
13,,2025,4
14,500.0,2025,4
15,328.1818181818182,2025,4
16,601.3333333333334,2025,4
17,873.4545454545455,2025,4
18,987.1911764705884,2025,4
19,1314.554347826087,2025,4
20,1317.542553191489,2025,4
21,1302.0336134453785,2025,4
22,1500.9426229508197,2025,4
23,1590.0894308943089,2025,4
24,1682.4590163934429,2025,4
25,2116.9485714285715,2025,4
26,2059.590604026845,2025,4
27,2352.548780487805,2025,4
28,2029.6143790849676,2025,4
29,2237.4295302013425,2025,4
30,2405.576470588235,2025,4
31,2572.86,2025,4
32,2952.85549132948,2025,4
33,2782.815286624204,2025,4
34,2181.931818181818,2025,4
35,2613.0614525139663,2025,4
36,2382.1132075471696,2025,4
37,2415.6725146198837,2025,4
38,2576.806818181818,2025,4
39,2993.17766497462,2025,4
40,2825.0315315315315,2025,4
41,3494.4576271186443,2025,4
42,3052.59900990099,2025,4
43,2720.1625615763546,2025,4
44,3121.641304347826,2025,4
45,3940.848039215686,2025,4
46,3704.5125,2025,4
47,2986.3368421052637,2025,4
48,3101.311377245509,2025,4
49,2269.131386861314,2025,4
50,3116.98717948718,2025,4
51,2797.0185185185187,2025,4
52,3006.3846153846152,2025,4
53,2219.7241379310344,2025,4
54,3311.504424778761,2025,4
55,2651.456,2025,4
56,2512.2924528301887,2025,4
57,2211.87,2025,4
58,2136.196721311476,2025,4
59,2999.47191011236,2025,4
60,2993.54,2025,4
61,2875.551282051282,2025,4
62,4892.551724137931,2025,4
63,3242.3,2025,4
64,4347.054545454545,2025,4
65,1886.162162162162,2025,4
66,2523.063829787234,2025,4
67,7278.0,2025,4
68,2507.125,2025,4
69,4267.619047619048,2025,4
70,2617.9,2025,4
71,4777.555555555556,2025,4
72,5250.857142857143,2025,4
73,2872.125,2025,4
74,4937.818181818182,2025,4
75,9200.0,2025,4
76,4000.0,2025,4
77,1373.3333333333333,2025,4
78,2120.0,2025,4
79,2620.0,2025,4
80,4933.333333333333,2025,4
81,562.6666666666666,2025,4
82,7000.0,2025,4
83,,2025,4
84,210.0,2025,4
85,600.0,2025,4
86,,2025,4
87,,2025,4
88,,2025,4
89,3000.0,2025,4
90,,2025,4
91,1200.0,2025,4
92,,2025,4
93,,2025,4
94,,2025,4
95,,2025,4
96,8000.0,2025,4
97,,2025,4
98,,2025,4
99,,2025,4
100,,2025,4
103,,2025,4
107,,2025,4
